"Id_Date","Year"
"1945-03-31",1945
"1946-10-01",1946
"1947-10-07",1947
"1948-10-12",1948
"1948-10-21",1948
"1949-10-18",1949
"1949-10-27",1949
"1950-10-24",1950
"1950-11-02",1950
"1951-10-30",1951
"1951-11-08",1951
"1951-11-10",1951
"1952-11-04",1952
"1952-11-13",1952
"1953-11-10",1953
"1953-11-14",1953
"1953-11-19",1953
"1954-11-16",1954
"1954-11-25",1954
"1955-11-19",1955
"1955-11-22",1955
"1955-12-01",1955
"1956-12-06",1956
"1957-06-25",1957
"1957-11-23",1957
"1957-12-12",1957
"1958-11-29",1958
"1959-06-30",1959
"1959-12-05",1959
"1960-12-10",1960
"1961-01-05",1961
"1961-06-29",1961
"1961-07-04",1961
"1961-08-31",1961
"1961-10-12",1961
"1961-11-30",1961
"1963-01-17",1963
"1963-02-28",1963
"1963-06-11",1963
"1964-01-23",1964
"1964-02-27",1964
"1964-06-16",1964
"1965-01-28",1965
"1965-02-25",1965
"1965-06-22",1965
"1966-02-03",1966
"1966-03-03",1966
"1966-04-30",1966
"1967-02-09",1967
"1967-05-06",1967
"1968-01-18",1968
"1968-04-19",1968
"1968-05-11",1968
"1968-06-21",1968
"1968-08-22",1968
"1968-09-20",1968
"1968-10-23",1968
"1969-05-17",1969
"1969-12-19",1969
"1970-02-26",1970
"1970-05-23",1970
"1970-07-29",1970
"1970-10-28",1970
"1971-05-29",1971
"1971-08-02",1971
"1971-08-04",1971
"1971-08-05",1971
"1971-10-07",1971
"1971-11-29",1971
"1972-01-06",1972
"1972-01-31",1972
"1972-06-03",1972
"1972-08-09",1972
"1972-11-01",1972
"1972-12-04",1972
"1973-01-02",1973
"1973-02-05",1973
"1973-03-07",1973
"1973-06-09",1973
"1973-08-15",1973
"1973-10-21",1973
"1973-12-10",1973
"1973-12-23",1973
"1973-12-25",1973
"1974-01-08",1974
"1974-02-11",1974
"1974-03-13",1974
"1974-03-24",1974
"1974-06-15",1974
"1974-08-21",1974
"1974-09-22",1974
"1974-10-07",1974
"1974-10-08",1974
"1974-11-06",1974
"1974-12-16",1974
"1975-01-14",1975
"1975-01-21",1975
"1975-02-17",1975
"1975-03-19",1975
"1975-06-21",1975
"1975-08-27",1975
"1975-09-30",1975
"1975-10-13",1975
"1975-12-22",1975
"1976-01-13",1976
"1976-01-20",1976
"1976-02-13",1976
"1976-02-23",1976
"1976-03-24",1976
"1976-04-13",1976
"1976-08-23",1976
"1976-09-01",1976
"1976-09-28",1976
"1976-10-13",1976
"1976-10-18",1976
"1976-12-27",1976
"1977-01-11",1977
"1977-01-25",1977
"1977-02-18",1977
"1977-02-28",1977
"1977-03-30",1977
"1977-04-13",1977
"1977-04-19",1977
"1977-09-07",1977
"1977-09-20",1977
"1977-10-01",1977
"1977-10-18",1977
"1977-10-19",1977
"1977-10-24",1977
"1978-01-02",1978
"1978-01-03",1978
"1978-01-31",1978
"1978-02-24",1978
"1978-03-06",1978
"1978-04-25",1978
"1978-07-02",1978
"1978-08-15",1978
"1978-09-13",1978
"1978-10-07",1978
"1978-10-17",1978
"1978-10-30",1978
"1978-11-24",1978
"1979-01-02",1979
"1979-01-08",1979
"1979-01-30",1979
"1979-03-02",1979
"1979-03-12",1979
"1979-04-11",1979
"1979-05-01",1979
"1979-06-11",1979
"1979-07-08",1979
"1979-09-16",1979
"1979-09-19",1979
"1979-10-09",1979
"1979-10-13",1979
"1979-11-05",1979
"1979-11-18",1979
"1979-11-23",1979
"1979-11-30",1979
"1979-12-25",1979
"1980-01-08",1980
"1980-01-14",1980
"1980-02-12",1980
"1980-02-16",1980
"1980-02-17",1980
"1980-03-17",1980
"1980-04-16",1980
"1980-05-06",1980
"1980-05-11",1980
"1980-06-16",1980
"1980-07-13",1980
"1980-08-17",1980
"1980-09-12",1980
"1980-09-24",1980
"1980-10-07",1980
"1980-10-18",1980
"1980-11-10",1980
"1980-11-21",1980
"1980-12-05",1980
"1980-12-16",1980
"1981-01-13",1981
"1981-01-19",1981
"1981-02-17",1981
"1981-02-21",1981
"1981-02-27",1981
"1981-03-03",1981
"1981-03-23",1981
"1981-03-24",1981
"1981-04-22",1981
"1981-05-17",1981
"1981-06-22",1981
"1981-06-23",1981
"1981-07-19",1981
"1981-08-04",1981
"1981-09-04",1981
"1981-09-29",1981
"1981-09-30",1981
"1981-10-24",1981
"1981-11-15",1981
"1981-11-16",1981
"1981-12-10",1981
"1981-12-11",1981
"1981-12-15",1981
"1981-12-21",1981
"1982-01-19",1982
"1982-02-02",1982
"1982-02-23",1982
"1982-02-27",1982
"1982-03-19",1982
"1982-03-29",1982
"1982-03-30",1982
"1982-04-28",1982
"1982-05-16",1982
"1982-05-18",1982
"1982-05-23",1982
"1982-06-08",1982
"1982-07-02",1982
"1982-07-20",1982
"1982-07-25",1982
"1982-09-17",1982
"1982-09-28",1982
"1982-10-06",1982
"1982-10-22",1982
"1982-10-23",1982
"1982-10-30",1982
"1982-11-22",1982
"1982-12-16",1982
"1982-12-17",1982
"1983-01-04",1983
"1983-01-25",1983
"1983-01-28",1983
"1983-02-08",1983
"1983-03-01",1983
"1983-03-05",1983
"1983-03-25",1983
"1983-03-27",1983
"1983-04-04",1983
"1983-04-05",1983
"1983-05-15",1983
"1983-05-24",1983
"1983-05-29",1983
"1983-06-21",1983
"1983-07-05",1983
"1983-07-31",1983
"1983-10-12",1983
"1983-10-18",1983
"1983-10-29",1983
"1983-11-05",1983
"1983-11-28",1983
"1983-12-22",1983
"1983-12-23",1983
"1984-01-31",1984
"1984-02-14",1984
"1984-03-10",1984
"1984-03-30",1984
"1984-04-09",1984
"1984-04-10",1984
"1984-05-08",1984
"1984-05-20",1984
"1984-05-29",1984
"1984-05-30",1984
"1984-06-03",1984
"1984-06-25",1984
"1984-06-26",1984
"1984-07-10",1984
"1984-08-05",1984
"1984-08-23",1984
"1984-09-21",1984
"1984-09-29",1984
"1984-10-17",1984
"1984-10-25",1984
"1984-11-03",1984
"1984-11-24",1984
"1984-11-28",1984
"1984-12-28",1984
"1985-02-05",1985
"1985-02-19",1985
"1985-03-31",1985
"1985-04-05",1985
"1985-04-15",1985
"1985-04-16",1985
"1985-05-14",1985
"1985-05-26",1985
"1985-06-04",1985
"1985-06-09",1985
"1985-07-02",1985
"1985-07-16",1985
"1985-07-19",1985
"1985-08-11",1985
"1985-08-29",1985
"1985-10-23",1985
"1985-10-25",1985
"1985-11-09",1985
"1985-11-16",1985
"1985-11-27",1985
"1985-11-30",1985
"1986-01-02",1986
"1986-01-03",1986
"1986-02-11",1986
"1986-02-25",1986
"1986-03-22",1986
"1986-04-21",1986
"1986-04-22",1986
"1986-05-20",1986
"1986-06-01",1986
"1986-06-15",1986
"1986-06-28",1986
"1986-07-08",1986
"1986-07-10",1986
"1986-07-25",1986
"1986-08-17",1986
"1986-08-30",1986
"1986-09-04",1986
"1986-09-15",1986
"1986-09-26",1986
"1986-10-29",1986
"1986-10-30",1986
"1986-10-31",1986
"1986-11-15",1986
"1986-11-22",1986
"1986-12-03",1986
"1986-12-06",1986
"1987-01-08",1987
"1987-01-09",1987
"1987-02-17",1987
"1987-03-03",1987
"1987-03-22",1987
"1987-03-28",1987
"1987-04-05",1987
"1987-04-09",1987
"1987-04-16",1987
"1987-04-27",1987
"1987-04-28",1987
"1987-05-07",1987
"1987-05-18",1987
"1987-05-26",1987
"1987-06-07",1987
"1987-06-21",1987
"1987-06-29",1987
"1987-07-14",1987
"1987-07-28",1987
"1987-07-31",1987
"1987-08-23",1987
"1987-08-29",1987
"1987-09-05",1987
"1987-09-10",1987
"1987-09-12",1987
"1987-09-21",1987
"1987-11-06",1987
"1987-11-21",1987
"1987-11-28",1987
"1987-12-09",1987
"1987-12-12",1987
"1988-01-14",1988
"1988-01-15",1988
"1988-01-30",1988
"1988-02-19",1988
"1988-03-05",1988
"1988-03-08",1988
"1988-04-02",1988
"1988-05-02",1988
"1988-05-03",1988
"1988-05-07",1988
"1988-05-12",1988
"1988-05-23",1988
"1988-05-31",1988
"1988-06-12",1988
"1988-06-26",1988
"1988-07-09",1988
"1988-07-19",1988
"1988-08-02",1988
"1988-08-05",1988
"1988-08-19",1988
"1988-09-02",1988
"1988-09-15",1988
"1988-09-26",1988
"1988-11-03",1988
"1988-11-11",1988
"1988-11-25",1988
"1988-11-26",1988
"1988-12-03",1988
"1988-12-14",1988
"1988-12-17",1988
"1989-01-20",1989
"1989-03-12",1989
"1989-03-14",1989
"1989-04-08",1989
"1989-05-08",1989
"1989-05-09",1989
"1989-05-18",1989
"1989-05-20",1989
"1989-05-29",1989
"1989-06-06",1989
"1989-07-01",1989
"1989-07-02",1989
"1989-07-14",1989
"1989-08-08",1989
"1989-08-11",1989
"1989-09-08",1989
"1989-09-17",1989
"1989-09-21",1989
"1989-10-02",1989
"1989-10-15",1989
"1989-11-07",1989
"1989-11-17",1989
"1989-12-01",1989
"1989-12-02",1989
"1989-12-09",1989
"1989-12-20",1989
"1989-12-23",1989
"1990-01-25",1990
"1990-01-26",1990
"1990-03-11",1990
"1990-03-18",1990
"1990-03-20",1990
"1990-04-10",1990
"1990-05-11",1990
"1990-05-14",1990
"1990-05-15",1990
"1990-05-24",1990
"1990-06-04",1990
"1990-07-08",1990
"1990-08-17",1990
"1990-08-24",1990
"1990-09-27",1990
"1990-10-08",1990
"1990-10-21",1990
"1990-11-08",1990
"1990-11-13",1990
"1990-11-23",1990
"1990-12-08",1990
"1990-12-15",1990
"1990-12-23",1990
"1990-12-26",1990
"1991-01-22",1991
"1991-01-31",1991
"1991-02-01",1991
"1991-03-09",1991
"1991-03-24",1991
"1991-03-26",1991
"1991-05-20",1991
"1991-05-30",1991
"1991-06-10",1991
"1991-06-18",1991
"1991-07-23",1991
"1991-08-23",1991
"1991-09-22",1991
"1991-10-03",1991
"1991-10-14",1991
"1991-10-27",1991
"1991-11-18",1991
"1991-11-19",1991
"1991-11-26",1991
"1991-12-13",1991
"1991-12-14",1991
"1991-12-21",1991
"1991-12-27",1991
"1992-01-01",1992
"1992-01-28",1992
"1992-03-22",1992
"1992-04-10",1992
"1992-04-18",1992
"1992-04-21",1992
"1992-04-24",1992
"1992-05-25",1992
"1992-05-29",1992
"1992-06-04",1992
"1992-06-15",1992
"1992-06-23",1992
"1992-08-28",1992
"1992-10-06",1992
"1992-10-08",1992
"1992-10-15",1992
"1992-10-19",1992
"1992-11-01",1992
"1992-11-14",1992
"1992-11-23",1992
"1992-11-24",1992
"1992-12-12",1992
"1992-12-18",1992
"1992-12-19",1992
"1992-12-24",1992
"1992-12-26",1992
"1992-12-31",1992
"1993-01-06",1993
"1993-02-02",1993
"1993-03-28",1993
"1993-04-15",1993
"1993-04-20",1993
"1993-04-27",1993
"1993-04-30",1993
"1993-05-07",1993
"1993-05-31",1993
"1993-06-21",1993
"1993-08-29",1993
"1993-09-03",1993
"1993-10-12",1993
"1993-10-14",1993
"1993-10-24",1993
"1993-10-25",1993
"1993-10-29",1993
"1993-10-31",1993
"1993-11-07",1993
"1993-11-20",1993
"1993-11-29",1993
"1993-11-30",1993
"1993-12-18",1993
"1993-12-25",1993
"1994-01-01",1994
"1994-02-08",1994
"1994-03-12",1994
"1994-04-03",1994
"1994-04-23",1994
"1994-04-26",1994
"1994-05-03",1994
"1994-05-06",1994
"1994-06-06",1994
"1994-06-16",1994
"1994-06-24",1994
"1994-06-27",1994
"1994-08-12",1994
"1994-08-14",1994
"1994-09-03",1994
"1994-09-04",1994
"1994-09-06",1994
"1994-10-04",1994
"1994-10-18",1994
"1994-10-21",1994
"1994-10-29",1994
"1994-10-31",1994
"1994-11-13",1994
"1994-11-26",1994
"1994-12-05",1994
"1994-12-06",1994
"1994-12-20",1994
"1994-12-24",1994
"1994-12-30",1994
"1995-01-07",1995
"1995-01-17",1995
"1995-02-14",1995
"1995-04-09",1995
"1995-04-25",1995
"1995-05-02",1995
"1995-05-05",1995
"1995-05-12",1995
"1995-06-09",1995
"1995-06-12",1995
"1995-06-13",1995
"1995-06-22",1995
"1995-07-03",1995
"1995-08-27",1995
"1995-09-10",1995
"1995-10-17",1995
"1995-10-27",1995
"1995-11-03",1995
"1995-11-06",1995
"1995-11-19",1995
"1995-12-11",1995
"1995-12-12",1995
"1995-12-23",1995
"1995-12-30",1995
"1996-01-05",1996
"1996-01-06",1996
"1996-01-12",1996
"1996-01-16",1996
"1996-01-29",1996
"1996-02-13",1996
"1996-02-16",1996
"1996-02-20",1996
"1996-02-22",1996
"1996-04-14",1996
"1996-04-19",1996
"1996-04-26",1996
"1996-05-07",1996
"1996-05-17",1996
"1996-06-07",1996
"1996-06-17",1996
"1996-06-21",1996
"1996-07-08",1996
"1996-09-10",1996
"1996-09-15",1996
"1996-09-17",1996
"1996-09-20",1996
"1996-09-22",1996
"1996-09-25",1996
"1996-10-25",1996
"1996-11-11",1996
"1996-11-24",1996
"1996-12-07",1996
"1996-12-16",1996
"1996-12-17",1996
"1996-12-28",1996
"1997-01-04",1997
"1997-01-09",1997
"1997-01-10",1997
"1997-02-03",1997
"1997-02-25",1997
"1997-03-04",1997
"1997-03-21",1997
"1997-03-25",1997
"1997-04-20",1997
"1997-05-07",1997
"1997-05-13",1997
"1997-05-20",1997
"1997-05-23",1997
"1997-05-25",1997
"1997-05-30",1997
"1997-06-20",1997
"1997-06-23",1997
"1997-07-04",1997
"1997-07-14",1997
"1997-09-21",1997
"1997-09-23",1997
"1997-10-01",1997
"1997-10-05",1997
"1997-10-17",1997
"1997-10-21",1997
"1997-11-04",1997
"1997-11-30",1997
"1997-12-19",1997
"1997-12-22",1997
"1997-12-23",1997
"1998-01-03",1998
"1998-01-10",1998
"1998-01-16",1998
"1998-01-17",1998
"1998-03-03",1998
"1998-03-05",1998
"1998-03-13",1998
"1998-04-06",1998
"1998-04-17",1998
"1998-04-27",1998
"1998-05-13",1998
"1998-05-19",1998
"1998-05-26",1998
"1998-05-29",1998
"1998-06-19",1998
"1998-06-29",1998
"1998-07-17",1998
"1998-08-18",1998
"1998-09-22",1998
"1998-09-27",1998
"1998-10-02",1998
"1998-10-06",1998
"1998-10-07",1998
"1998-10-11",1998
"1998-10-28",1998
"1998-11-10",1998
"1998-12-06",1998
"1998-12-09",1998
"1998-12-18",1998
"1998-12-28",1998
"1998-12-29",1998
"1999-01-09",1999
"1999-01-16",1999
"1999-01-22",1999
"1999-01-23",1999
"1999-02-15",1999
"1999-03-09",1999
"1999-03-11",1999
"1999-03-19",1999
"1999-05-03",1999
"1999-05-14",1999
"1999-05-19",1999
"1999-05-25",1999
"1999-06-01",1999
"1999-06-04",1999
"1999-06-09",1999
"1999-06-15",1999
"1999-07-23",1999
"1999-08-24",1999
"1999-10-03",1999
"1999-10-08",1999
"1999-10-12",1999
"1999-10-13",1999
"1999-10-17",1999
"1999-11-03",1999
"1999-11-16",1999
"1999-12-15",1999
"1999-12-17",1999
"2000-01-03",2000
"2000-01-04",2000
"2000-01-15",2000
"2000-01-18",2000
"2000-01-22",2000
"2000-01-28",2000
"2000-01-29",2000
"2000-02-21",2000
"2000-03-14",2000
"2000-03-16",2000
"2000-03-21",2000
"2000-03-24",2000
"2000-03-28",2000
"2000-04-05",2000
"2000-05-05",2000
"2000-05-08",2000
"2000-05-09",2000
"2000-05-24",2000
"2000-05-30",2000
"2000-06-06",2000
"2000-06-09",2000
"2000-07-04",2000
"2000-07-10",2000
"2000-07-28",2000
"2000-08-29",2000
"2000-09-28",2000
"2000-10-08",2000
"2000-10-13",2000
"2000-10-17",2000
"2000-10-18",2000
"2000-10-22",2000
"2000-10-24",2000
"2000-11-08",2000
"2000-11-10",2000
"2000-11-21",2000
"2000-12-20",2000
"2001-01-02",2001
"2001-01-08",2001
"2001-01-09",2001
"2001-01-15",2001
"2001-01-16",2001
"2001-01-27",2001
"2001-02-02",2001
"2001-02-03",2001
"2001-02-26",2001
"2001-03-17",2001
"2001-03-22",2001
"2001-03-27",2001
"2001-03-30",2001
"2001-05-04",2001
"2001-05-14",2001
"2001-05-26",2001
"2001-05-30",2001
"2001-06-12",2001
"2001-06-15",2001
"2001-06-26",2001
"2001-07-03",2001
"2001-07-16",2001
"2001-08-03",2001
"2001-09-18",2001
"2001-10-14",2001
"2001-10-19",2001
"2001-10-23",2001
"2001-10-24",2001
"2001-10-28",2001
"2001-11-14",2001
"2001-11-27",2001
"2001-12-21",2001
"2001-12-22",2001
"2001-12-25",2001
"2001-12-26",2001
"2002-01-08",2002
"2002-01-15",2002
"2002-01-21",2002
"2002-02-02",2002
"2002-02-08",2002
"2002-02-09",2002
"2002-03-04",2002
"2002-03-23",2002
"2002-03-28",2002
"2002-04-02",2002
"2002-04-05",2002
"2002-04-10",2002
"2002-04-22",2002
"2002-04-26",2002
"2002-05-20",2002
"2002-05-28",2002
"2002-06-05",2002
"2002-06-11",2002
"2002-07-06",2002
"2002-07-12",2002
"2002-07-22",2002
"2002-08-09",2002
"2002-09-10",2002
"2002-09-24",2002
"2002-10-03",2002
"2002-10-18",2002
"2002-10-20",2002
"2002-10-26",2002
"2002-10-29",2002
"2002-10-30",2002
"2002-11-03",2002
"2002-11-20",2002
"2002-11-23",2002
"2002-12-03",2002
"2002-12-31",2002
"2003-01-01",2003
"2003-01-14",2003
"2003-01-21",2003
"2003-01-27",2003
"2003-02-14",2003
"2003-02-15",2003
"2003-03-10",2003
"2003-03-29",2003
"2003-04-03",2003
"2003-04-08",2003
"2003-04-11",2003
"2003-04-16",2003
"2003-04-18",2003
"2003-05-03",2003
"2003-05-06",2003
"2003-05-10",2003
"2003-05-17",2003
"2003-05-26",2003
"2003-05-27",2003
"2003-06-11",2003
"2003-06-17",2003
"2003-06-18",2003
"2003-06-21",2003
"2003-06-23",2003
"2003-07-26",2003
"2003-07-28",2003
"2003-08-04",2003
"2003-08-15",2003
"2003-08-19",2003
"2003-09-30",2003
"2003-10-26",2003
"2003-10-28",2003
"2003-11-01",2003
"2003-11-05",2003
"2003-11-08",2003
"2003-11-09",2003
"2003-11-26",2003
"2003-12-09",2003
"2004-01-07",2004
"2004-01-13",2004
"2004-01-27",2004
"2004-02-02",2004
"2004-02-20",2004
"2004-02-21",2004
"2004-02-24",2004
"2004-03-15",2004
"2004-04-03",2004
"2004-04-08",2004
"2004-04-13",2004
"2004-04-16",2004
"2004-04-21",2004
"2004-04-26",2004
"2004-04-28",2004
"2004-05-08",2004
"2004-05-15",2004
"2004-05-18",2004
"2004-05-31",2004
"2004-06-16",2004
"2004-06-22",2004
"2004-06-23",2004
"2004-06-26",2004
"2004-07-10",2004
"2004-08-02",2004
"2004-08-09",2004
"2004-08-20",2004
"2004-09-03",2004
"2004-10-05",2004
"2004-10-07",2004
"2004-11-06",2004
"2004-11-13",2004
"2004-11-14",2004
"2004-12-01",2004
"2004-12-14",2004
"2005-01-08",2005
"2005-01-11",2005
"2005-01-12",2005
"2005-02-01",2005
"2005-02-07",2005
"2005-02-25",2005
"2005-02-26",2005
"2005-03-01",2005
"2005-03-21",2005
"2005-03-25",2005
"2005-04-09",2005
"2005-04-14",2005
"2005-04-19",2005
"2005-04-22",2005
"2005-04-27",2005
"2005-05-13",2005
"2005-05-14",2005
"2005-05-21",2005
"2005-06-06",2005
"2005-06-14",2005
"2005-06-17",2005
"2005-06-22",2005
"2005-06-28",2005
"2005-06-29",2005
"2005-07-02",2005
"2005-07-23",2005
"2005-08-08",2005
"2005-08-15",2005
"2005-08-26",2005
"2005-09-09",2005
"2005-10-11",2005
"2005-11-12",2005
"2005-11-19",2005
"2005-11-20",2005
"2005-12-07",2005
"2005-12-20",2005
"2005-12-23",2005
"2005-12-25",2005
"2005-12-30",2005
"2006-01-03",2006
"2006-01-13",2006
"2006-01-14",2006
"2006-01-17",2006
"2006-01-18",2006
"2006-01-31",2006
"2006-02-07",2006
"2006-02-09",2006
"2006-02-11",2006
"2006-02-13",2006
"2006-02-20",2006
"2006-03-03",2006
"2006-03-04",2006
"2006-03-07",2006
"2006-03-31",2006
"2006-04-15",2006
"2006-04-18",2006
"2006-05-01",2006
"2006-05-03",2006
"2006-05-20",2006
"2006-05-23",2006
"2006-05-27",2006
"2006-06-12",2006
"2006-06-28",2006
"2006-07-04",2006
"2006-07-05",2006
"2006-07-08",2006
"2006-07-22",2006
"2006-08-14",2006
"2006-08-21",2006
"2006-09-01",2006
"2006-09-15",2006
"2006-10-12",2006
"2006-10-17",2006
"2006-10-31",2006
"2006-11-18",2006
"2006-11-21",2006
"2006-11-25",2006
"2006-11-26",2006
"2006-11-28",2006
"2006-12-02",2006
"2006-12-04",2006
"2006-12-13",2006
"2006-12-19",2006
"2006-12-26",2006
"2006-12-31",2006
"2007-01-19",2007
"2007-01-20",2007
"2007-01-23",2007
"2007-01-24",2007
"2007-02-13",2007
"2007-02-19",2007
"2007-02-20",2007
"2007-03-09",2007
"2007-03-10",2007
"2007-03-13",2007
"2007-04-06",2007
"2007-04-09",2007
"2007-04-21",2007
"2007-05-04",2007
"2007-05-09",2007
"2007-05-22",2007
"2007-05-26",2007
"2007-06-02",2007
"2007-06-18",2007
"2007-07-02",2007
"2007-07-04",2007
"2007-07-09",2007
"2007-07-10",2007
"2007-07-11",2007
"2007-07-14",2007
"2007-07-18",2007
"2007-07-28",2007
"2007-08-05",2007
"2007-08-20",2007
"2007-09-07",2007
"2007-09-21",2007
"2007-10-23",2007
"2007-11-20",2007
"2007-11-24",2007
"2007-12-08",2007
"2007-12-19",2007
"2007-12-25",2007
"2008-01-01",2008
"2008-01-05",2008
"2008-01-06",2008
"2008-01-25",2008
"2008-01-26",2008
"2008-01-29",2008
"2008-01-30",2008
"2008-02-15",2008
"2008-02-19",2008
"2008-02-25",2008
"2008-03-14",2008
"2008-03-15",2008
"2008-03-18",2008
"2008-04-07",2008
"2008-04-11",2008
"2008-04-14",2008
"2008-04-26",2008
"2008-05-09",2008
"2008-05-12",2008
"2008-05-14",2008
"2008-05-20",2008
"2008-05-27",2008
"2008-05-31",2008
"2008-06-07",2008
"2008-06-14",2008
"2008-06-23",2008
"2008-07-09",2008
"2008-07-12",2008
"2008-07-15",2008
"2008-07-16",2008
"2008-07-19",2008
"2008-08-02",2008
"2008-08-25",2008
"2008-09-01",2008
"2008-09-18",2008
"2008-09-26",2008
"2008-10-28",2008
"2008-11-18",2008
"2008-11-29",2008
"2008-12-07",2008
"2008-12-08",2008
"2008-12-13",2008
"2008-12-30",2008
"2009-01-06",2009
"2009-01-10",2009
"2009-01-11",2009
"2009-01-18",2009
"2009-01-31",2009
"2009-02-03",2009
"2009-02-22",2009
"2009-02-24",2009
"2009-03-02",2009
"2009-03-04",2009
"2009-03-20",2009
"2009-03-21",2009
"2009-03-24",2009
"2009-04-13",2009
"2009-04-17",2009
"2009-04-20",2009
"2009-04-26",2009
"2009-05-02",2009
"2009-06-06",2009
"2009-06-13",2009
"2009-06-23",2009
"2009-06-28",2009
"2009-06-29",2009
"2009-07-11",2009
"2009-07-18",2009
"2009-07-21",2009
"2009-07-22",2009
"2009-07-25",2009
"2009-07-27",2009
"2009-08-07",2009
"2009-08-08",2009
"2009-09-07",2009
"2009-09-23",2009
"2009-09-24",2009
"2009-09-27",2009
"2009-10-02",2009
"2009-11-24",2009
"2009-12-05",2009
"2009-12-06",2009
"2009-12-13",2009
"2009-12-19",2009
"2009-12-27",2009
"2010-01-05",2010
"2010-01-12",2010
"2010-01-16",2010
"2010-01-17",2010
"2010-02-06",2010
"2010-02-11",2010
"2010-02-28",2010
"2010-03-02",2010
"2010-03-08",2010
"2010-03-22",2010
"2010-03-26",2010
"2010-03-27",2010
"2010-03-28",2010
"2010-03-30",2010
"2010-04-10",2010
"2010-04-19",2010
"2010-04-23",2010
"2010-04-30",2010
"2010-05-08",2010
"2010-05-17",2010
"2010-05-19",2010
"2010-06-19",2010
"2010-06-27",2010
"2010-06-28",2010
"2010-07-03",2010
"2010-07-05",2010
"2010-07-24",2010
"2010-07-27",2010
"2010-07-31",2010
"2010-08-14",2010
"2010-09-20",2010
"2010-10-08",2010
"2010-11-15",2010
"2010-11-16",2010
"2010-11-20",2010
"2010-12-19",2010
"2010-12-25",2010
"2010-12-26",2010
"2011-01-11",2011
"2011-01-18",2011
"2011-01-22",2011
"2011-01-23",2011
"2011-01-29",2011
"2011-02-12",2011
"2011-02-17",2011
"2011-02-21",2011
"2011-03-06",2011
"2011-04-01",2011
"2011-04-02",2011
"2011-04-05",2011
"2011-04-14",2011
"2011-04-25",2011
"2011-04-29",2011
"2011-05-02",2011
"2011-05-25",2011
"2011-06-04",2011
"2011-06-25",2011
"2011-06-27",2011
"2011-07-11",2011
"2011-07-27",2011
"2011-07-30",2011
"2011-08-02",2011
"2011-08-03",2011
"2011-08-06",2011
"2011-08-13",2011
"2011-08-17",2011
"2011-08-20",2011
"2011-08-21",2011
"2011-09-26",2011
"2011-09-29",2011
"2011-09-30",2011
"2011-10-14",2011
"2011-11-15",2011
"2011-11-21",2011
"2011-11-26",2011
"2011-11-27",2011
"2011-11-28",2011
"2011-11-29",2011
"2011-11-30",2011
"2011-12-01",2011
"2011-12-02",2011
"2011-12-03",2011
"2011-12-04",2011
"2011-12-05",2011
"2011-12-06",2011
"2011-12-07",2011
"2011-12-08",2011
"2011-12-09",2011
"2011-12-10",2011
"2011-12-12",2011
"2011-12-13",2011
"2011-12-14",2011
"2011-12-15",2011
"2011-12-16",2011
"2011-12-17",2011
"2011-12-18",2011
"2011-12-19",2011
"2011-12-20",2011
"2011-12-21",2011
"2011-12-22",2011
"2011-12-23",2011
"2011-12-24",2011
"2011-12-25",2011
"2011-12-26",2011
"2011-12-27",2011
"2011-12-28",2011
"2011-12-29",2011
"2011-12-30",2011
"2011-12-31",2011
"2012-01-01",2012
"2012-01-02",2012
"2012-01-03",2012
"2012-01-04",2012
"2012-01-05",2012
"2012-01-06",2012
"2012-01-07",2012
"2012-01-08",2012
"2012-01-09",2012
"2012-01-10",2012
"2012-01-11",2012
"2012-01-13",2012
"2012-01-14",2012
"2012-01-15",2012
"2012-01-16",2012
"2012-01-17",2012
"2012-01-18",2012
"2012-01-19",2012
"2012-01-20",2012
"2012-01-21",2012
"2012-01-22",2012
"2012-01-23",2012
"2012-01-24",2012
"2012-01-25",2012
"2012-01-26",2012
"2012-01-27",2012
"2012-01-28",2012
"2012-01-29",2012
"2012-01-30",2012
"2012-01-31",2012
"2012-02-01",2012
"2012-02-02",2012
"2012-02-04",2012
"2012-02-05",2012
"2012-02-06",2012
"2012-02-07",2012
"2012-02-08",2012
"2012-02-10",2012
"2012-02-11",2012
"2012-02-12",2012
"2012-02-14",2012
"2012-02-15",2012
"2012-02-16",2012
"2012-02-17",2012
"2012-02-18",2012
"2012-02-19",2012
"2012-02-20",2012
"2012-02-21",2012
"2012-02-22",2012
"2012-02-23",2012
"2012-02-24",2012
"2012-02-25",2012
"2012-02-26",2012
"2012-02-27",2012
"2012-02-28",2012
"2012-03-01",2012
"2012-03-02",2012
"2012-03-04",2012
"2012-03-05",2012
"2012-03-06",2012
"2012-03-07",2012
"2012-03-08",2012
"2012-03-09",2012
"2012-03-11",2012
"2012-03-12",2012
"2012-03-13",2012
"2012-03-14",2012
"2012-03-15",2012
"2012-03-16",2012
"2012-03-17",2012
"2012-03-18",2012
"2012-03-19",2012
"2012-03-20",2012
"2012-03-22",2012
"2012-03-23",2012
"2012-03-24",2012
"2012-03-25",2012
"2012-03-26",2012
"2012-03-28",2012
"2012-03-30",2012
"2012-03-31",2012
"2012-04-01",2012
"2012-04-02",2012
"2012-04-03",2012
"2012-04-04",2012
"2012-04-05",2012
"2012-04-06",2012
"2012-04-07",2012
"2012-04-09",2012
"2012-04-10",2012
"2012-04-11",2012
"2012-04-12",2012
"2012-04-13",2012
"2012-04-14",2012
"2012-04-16",2012
"2012-04-17",2012
"2012-04-18",2012
"2012-04-20",2012
"2012-04-22",2012
"2012-04-23",2012
"2012-04-24",2012
"2012-04-25",2012
"2012-04-26",2012
"2012-04-27",2012
"2012-04-28",2012
"2012-04-29",2012
"2012-04-30",2012
"2012-05-01",2012
"2012-05-02",2012
"2012-05-03",2012
"2012-05-04",2012
"2012-05-05",2012
"2012-05-06",2012
"2012-05-07",2012
"2012-05-08",2012
"2012-05-09",2012
"2012-05-10",2012
"2012-05-11",2012
"2012-05-12",2012
"2012-05-13",2012
"2012-05-14",2012
"2012-05-16",2012
"2012-05-17",2012
"2012-05-18",2012
"2012-05-19",2012
"2012-05-20",2012
"2012-05-21",2012
"2012-05-22",2012
"2012-05-23",2012
"2012-05-24",2012
"2012-05-25",2012
"2012-05-26",2012
"2012-05-27",2012
"2012-05-28",2012
"2012-05-29",2012
"2012-05-30",2012
"2012-05-31",2012
"2012-06-01",2012
"2012-06-02",2012
"2012-06-03",2012
"2012-06-04",2012
"2012-06-05",2012
"2012-06-06",2012
"2012-06-07",2012
"2012-06-08",2012
"2012-06-09",2012
"2012-06-10",2012
"2012-06-11",2012
"2012-06-12",2012
"2012-06-13",2012
"2012-06-14",2012
"2012-06-15",2012
"2012-06-17",2012
"2012-06-18",2012
"2012-06-19",2012
"2012-06-20",2012
"2012-06-21",2012
"2012-06-22",2012
"2012-06-23",2012
"2012-06-24",2012
"2012-06-25",2012
"2012-06-26",2012
"2012-06-27",2012
"2012-06-29",2012
"2012-06-30",2012
"2012-07-01",2012
"2012-07-02",2012
"2012-07-03",2012
"2012-07-04",2012
"2012-07-05",2012
"2012-07-06",2012
"2012-07-07",2012
"2012-07-08",2012
"2012-07-09",2012
"2012-07-10",2012
"2012-07-11",2012
"2012-07-12",2012
"2012-07-14",2012
"2012-07-15",2012
"2012-07-16",2012
"2012-07-17",2012
"2012-07-18",2012
"2012-07-19",2012
"2012-07-21",2012
"2012-07-22",2012
"2012-07-23",2012
"2012-07-24",2012
"2012-07-25",2012
"2012-07-26",2012
"2012-07-27",2012
"2012-07-28",2012
"2012-07-29",2012
"2012-07-31",2012
"2012-08-01",2012
"2012-08-03",2012
"2012-08-04",2012
"2012-08-05",2012
"2012-08-06",2012
"2012-08-08",2012
"2012-08-09",2012
"2012-08-10",2012
"2012-08-11",2012
"2012-08-12",2012
"2012-08-13",2012
"2012-08-14",2012
"2012-08-16",2012
"2012-08-17",2012
"2012-08-18",2012
"2012-08-19",2012
"2012-08-21",2012
"2012-08-22",2012
"2012-08-23",2012
"2012-08-24",2012
"2012-08-25",2012
"2012-08-26",2012
"2012-08-27",2012
"2012-08-28",2012
"2012-08-30",2012
"2012-09-01",2012
"2012-09-02",2012
"2012-09-03",2012
"2012-09-05",2012
"2012-09-06",2012
"2012-09-07",2012
"2012-09-08",2012
"2012-09-11",2012
"2012-09-13",2012
"2012-09-14",2012
"2012-09-15",2012
"2012-09-16",2012
"2012-09-17",2012
"2012-09-18",2012
"2012-09-20",2012
"2012-09-21",2012
"2012-09-22",2012
"2012-09-23",2012
"2012-09-24",2012
"2012-09-25",2012
"2012-09-26",2012
"2012-09-27",2012
"2012-09-29",2012
"2012-09-30",2012
"2012-10-01",2012
"2012-10-02",2012
"2012-10-03",2012
"2012-10-04",2012
"2012-10-05",2012
"2012-10-06",2012
"2012-10-07",2012
"2012-10-08",2012
"2012-10-10",2012
"2012-10-12",2012
"2012-10-13",2012
"2012-10-14",2012
"2012-10-15",2012
"2012-10-16",2012
"2012-10-17",2012
"2012-10-18",2012
"2012-10-19",2012
"2012-10-21",2012
"2012-10-22",2012
"2012-10-23",2012
"2012-10-24",2012
"2012-10-25",2012
"2012-10-26",2012
"2012-10-27",2012
"2012-10-28",2012
"2012-10-29",2012
"2012-10-30",2012
"2012-10-31",2012
"2012-11-01",2012
"2012-11-03",2012
"2012-11-04",2012
"2012-11-05",2012
"2012-11-06",2012
"2012-11-09",2012
"2012-11-10",2012
"2012-11-11",2012
"2012-11-12",2012
"2012-11-13",2012
"2012-11-14",2012
"2012-11-15",2012
"2012-11-16",2012
"2012-11-17",2012
"2012-11-18",2012
"2012-11-20",2012
"2012-11-21",2012
"2012-11-22",2012
"2012-11-23",2012
"2012-11-24",2012
"2012-11-25",2012
"2012-11-26",2012
"2012-11-27",2012
"2012-11-28",2012
"2012-11-29",2012
"2012-11-30",2012
"2012-12-01",2012
"2012-12-02",2012
"2012-12-04",2012
"2012-12-05",2012
"2012-12-06",2012
"2012-12-07",2012
"2012-12-08",2012
"2012-12-09",2012
"2012-12-11",2012
"2012-12-12",2012
"2012-12-13",2012
"2012-12-14",2012
"2012-12-15",2012
"2012-12-16",2012
"2012-12-17",2012
"2012-12-18",2012
"2012-12-19",2012
"2012-12-21",2012
"2012-12-22",2012
"2012-12-23",2012
"2012-12-24",2012
"2012-12-25",2012
"2012-12-26",2012
"2012-12-27",2012
"2012-12-28",2012
"2012-12-29",2012
"2012-12-30",2012
"2012-12-31",2012
"2013-01-01",2013
"2013-01-02",2013
"2013-01-03",2013
"2013-01-04",2013
"2013-01-05",2013
"2013-01-06",2013
"2013-01-07",2013
"2013-01-08",2013
"2013-01-09",2013
"2013-01-10",2013
"2013-01-11",2013
"2013-01-12",2013
"2013-01-13",2013
"2013-01-14",2013
"2013-01-15",2013
"2013-01-16",2013
"2013-01-17",2013
"2013-01-18",2013
"2013-01-19",2013
"2013-01-21",2013
"2013-01-22",2013
"2013-01-23",2013
"2013-01-24",2013
"2013-01-25",2013
"2013-01-26",2013
"2013-01-27",2013
"2013-01-28",2013
"2013-01-29",2013
"2013-01-30",2013
"2013-01-31",2013
"2013-02-01",2013
"2013-02-02",2013
"2013-02-03",2013
"2013-02-04",2013
"2013-02-05",2013
"2013-02-06",2013
"2013-02-07",2013
"2013-02-09",2013
"2013-02-10",2013
"2013-02-11",2013
"2013-02-12",2013
"2013-02-13",2013
"2013-02-14",2013
"2013-02-15",2013
"2013-02-16",2013
"2013-02-17",2013
"2013-02-18",2013
"2013-02-19",2013
"2013-02-20",2013
"2013-02-21",2013
"2013-02-22",2013
"2013-02-23",2013
"2013-02-24",2013
"2013-02-25",2013
"2013-02-26",2013
"2013-02-27",2013
"2013-02-28",2013
"2013-03-01",2013
"2013-03-02",2013
"2013-03-04",2013
"2013-03-05",2013
"2013-03-06",2013
"2013-03-07",2013
"2013-03-08",2013
"2013-03-09",2013
"2013-03-10",2013
"2013-03-11",2013
"2013-03-12",2013
"2013-03-13",2013
"2013-03-14",2013
"2013-03-15",2013
"2013-03-16",2013
"2013-03-17",2013
"2013-03-18",2013
"2013-03-19",2013
"2013-03-20",2013
"2013-03-21",2013
"2013-03-22",2013
"2013-03-23",2013
"2013-03-25",2013
"2013-03-26",2013
"2013-03-28",2013
"2013-03-29",2013
"2013-03-30",2013
"2013-03-31",2013
"2013-04-01",2013
"2013-04-02",2013
"2013-04-03",2013
"2013-04-04",2013
"2013-04-05",2013
"2013-04-06",2013
"2013-04-07",2013
"2013-04-08",2013
"2013-04-09",2013
"2013-04-10",2013
"2013-04-11",2013
"2013-04-12",2013
"2013-04-13",2013
"2013-04-15",2013
"2013-04-16",2013
"2013-04-17",2013
"2013-04-18",2013
"2013-04-19",2013
"2013-04-20",2013
"2013-04-22",2013
"2013-04-23",2013
"2013-04-24",2013
"2013-04-25",2013
"2013-04-26",2013
"2013-04-28",2013
"2013-04-29",2013
"2013-04-30",2013
"2013-05-01",2013
"2013-05-02",2013
"2013-05-03",2013
"2013-05-04",2013
"2013-05-06",2013
"2013-05-07",2013
"2013-05-08",2013
"2013-05-09",2013
"2013-05-10",2013
"2013-05-12",2013
"2013-05-13",2013
"2013-05-14",2013
"2013-05-15",2013
"2013-05-17",2013
"2013-05-18",2013
"2013-05-19",2013
"2013-05-20",2013
"2013-05-21",2013
"2013-05-22",2013
"2013-05-23",2013
"2013-05-24",2013
"2013-05-25",2013
"2013-05-26",2013
"2013-05-28",2013
"2013-05-29",2013
"2013-05-31",2013
"2013-06-01",2013
"2013-06-02",2013
"2013-06-03",2013
"2013-06-04",2013
"2013-06-05",2013
"2013-06-06",2013
"2013-06-07",2013
"2013-06-08",2013
"2013-06-09",2013
"2013-06-10",2013
"2013-06-11",2013
"2013-06-12",2013
"2013-06-13",2013
"2013-06-14",2013
"2013-06-15",2013
"2013-06-16",2013
"2013-06-17",2013
"2013-06-18",2013
"2013-06-19",2013
"2013-06-20",2013
"2013-06-21",2013
"2013-06-22",2013
"2013-06-23",2013
"2013-06-24",2013
"2013-06-25",2013
"2013-06-26",2013
"2013-06-27",2013
"2013-06-28",2013
"2013-06-29",2013
"2013-06-30",2013
"2013-07-01",2013
"2013-07-02",2013
"2013-07-03",2013
"2013-07-04",2013
"2013-07-05",2013
"2013-07-06",2013
"2013-07-07",2013
"2013-07-08",2013
"2013-07-10",2013
"2013-07-11",2013
"2013-07-12",2013
"2013-07-13",2013
"2013-07-14",2013
"2013-07-15",2013
"2013-07-16",2013
"2013-07-17",2013
"2013-07-18",2013
"2013-07-21",2013
"2013-07-22",2013
"2013-07-23",2013
"2013-07-24",2013
"2013-07-25",2013
"2013-07-27",2013
"2013-07-28",2013
"2013-07-29",2013
"2013-07-30",2013
"2013-07-31",2013
"2013-08-01",2013
"2013-08-02",2013
"2013-08-03",2013
"2013-08-04",2013
"2013-08-05",2013
"2013-08-06",2013
"2013-08-07",2013
"2013-08-09",2013
"2013-08-10",2013
"2013-08-11",2013
"2013-08-12",2013
"2013-08-14",2013
"2013-08-15",2013
"2013-08-16",2013
"2013-08-17",2013
"2013-08-18",2013
"2013-08-19",2013
"2013-08-20",2013
"2013-08-21",2013
"2013-08-22",2013
"2013-08-23",2013
"2013-08-24",2013
"2013-08-25",2013
"2013-08-27",2013
"2013-08-28",2013
"2013-08-29",2013
"2013-08-30",2013
"2013-08-31",2013
"2013-09-01",2013
"2013-09-02",2013
"2013-09-03",2013
"2013-09-05",2013
"2013-09-06",2013
"2013-09-07",2013
"2013-09-08",2013
"2013-09-12",2013
"2013-09-13",2013
"2013-09-14",2013
"2013-09-16",2013
"2013-09-17",2013
"2013-09-18",2013
"2013-09-19",2013
"2013-09-20",2013
"2013-09-21",2013
"2013-09-22",2013
"2013-09-23",2013
"2013-09-24",2013
"2013-09-25",2013
"2013-09-26",2013
"2013-09-27",2013
"2013-09-28",2013
"2013-09-29",2013
"2013-09-30",2013
"2013-10-01",2013
"2013-10-02",2013
"2013-10-03",2013
"2013-10-05",2013
"2013-10-06",2013
"2013-10-07",2013
"2013-10-08",2013
"2013-10-09",2013
"2013-10-10",2013
"2013-10-11",2013
"2013-10-12",2013
"2013-10-13",2013
"2013-10-14",2013
"2013-10-16",2013
"2013-10-18",2013
"2013-10-19",2013
"2013-10-20",2013
"2013-10-21",2013
"2013-10-22",2013
"2013-10-23",2013
"2013-10-24",2013
"2013-10-25",2013
"2013-10-26",2013
"2013-10-27",2013
"2013-10-28",2013
"2013-10-29",2013
"2013-10-30",2013
"2013-10-31",2013
"2013-11-01",2013
"2013-11-02",2013
"2013-11-03",2013
"2013-11-04",2013
"2013-11-05",2013
"2013-11-07",2013
"2013-11-09",2013
"2013-11-10",2013
"2013-11-11",2013
"2013-11-15",2013
"2013-11-16",2013
"2013-11-17",2013
"2013-11-18",2013
"2013-11-19",2013
"2013-11-20",2013
"2013-11-21",2013
"2013-11-22",2013
"2013-11-23",2013
"2013-11-24",2013
"2013-11-26",2013
"2013-11-27",2013
"2013-11-28",2013
"2013-11-29",2013
"2013-11-30",2013
"2013-12-02",2013
"2013-12-03",2013
"2013-12-04",2013
"2013-12-05",2013
"2013-12-06",2013
"2013-12-07",2013
"2013-12-08",2013
"2013-12-09",2013
"2013-12-10",2013
"2013-12-11",2013
"2013-12-12",2013
"2013-12-13",2013
"2013-12-14",2013
"2013-12-15",2013
"2013-12-16",2013
"2013-12-17",2013
"2013-12-18",2013
"2013-12-19",2013
"2013-12-20",2013
"2013-12-21",2013
"2013-12-23",2013
"2013-12-24",2013
"2013-12-25",2013
"2013-12-26",2013
"2013-12-27",2013
"2013-12-28",2013
"2013-12-29",2013
"2013-12-30",2013
"2013-12-31",2013
"2014-01-01",2014
"2014-01-03",2014
"2014-01-04",2014
"2014-01-05",2014
"2014-01-06",2014
"2014-01-07",2014
"2014-01-08",2014
"2014-01-09",2014
"2014-01-10",2014
"2014-01-11",2014
"2014-01-12",2014
"2014-01-13",2014
"2014-01-14",2014
"2014-01-16",2014
"2014-01-17",2014
"2014-01-18",2014
"2014-01-19",2014
"2014-01-20",2014
"2014-01-21",2014
"2014-01-22",2014
"2014-01-23",2014
"2014-01-24",2014
"2014-01-25",2014
"2014-01-27",2014
"2014-01-28",2014
"2014-01-29",2014
"2014-01-30",2014
"2014-01-31",2014
"2014-02-01",2014
"2014-02-02",2014
"2014-02-03",2014
"2014-02-04",2014
"2014-02-05",2014
"2014-02-06",2014
"2014-02-07",2014
"2014-02-08",2014
"2014-02-09",2014
"2014-02-10",2014
"2014-02-11",2014
"2014-02-12",2014
"2014-02-13",2014
"2014-02-14",2014
"2014-02-15",2014
"2014-02-16",2014
"2014-02-17",2014
"2014-02-18",2014
"2014-02-19",2014
"2014-02-21",2014
"2014-02-22",2014
"2014-02-23",2014
"2014-02-25",2014
"2014-02-26",2014
"2014-02-27",2014
"2014-02-28",2014
"2014-03-01",2014
"2014-03-02",2014
"2014-03-03",2014
"2014-03-04",2014
"2014-03-05",2014
"2014-03-06",2014
"2014-03-07",2014
"2014-03-08",2014
"2014-03-09",2014
"2014-03-10",2014
"2014-03-11",2014
"2014-03-13",2014
"2014-03-14",2014
"2014-03-15",2014
"2014-03-16",2014
"2014-03-17",2014
"2014-03-18",2014
"2014-03-19",2014
"2014-03-20",2014
"2014-03-21",2014
"2014-03-22",2014
"2014-03-23",2014
"2014-03-24",2014
"2014-03-25",2014
"2014-03-26",2014
"2014-03-27",2014
"2014-03-28",2014
"2014-03-29",2014
"2014-03-31",2014
"2014-04-01",2014
"2014-04-02",2014
"2014-04-03",2014
"2014-04-04",2014
"2014-04-05",2014
"2014-04-06",2014
"2014-04-07",2014
"2014-04-09",2014
"2014-04-10",2014
"2014-04-11",2014
"2014-04-12",2014
"2014-04-13",2014
"2014-04-14",2014
"2014-04-15",2014
"2014-04-16",2014
"2014-04-17",2014
"2014-04-18",2014
"2014-04-19",2014
"2014-04-21",2014
"2014-04-22",2014
"2014-04-23",2014
"2014-04-24",2014
"2014-04-25",2014
"2014-04-26",2014
"2014-04-27",2014
"2014-04-28",2014
"2014-04-29",2014
"2014-04-30",2014
"2014-05-01",2014
"2014-05-02",2014
"2014-05-03",2014
"2014-05-04",2014
"2014-05-05",2014
"2014-05-06",2014
"2014-05-07",2014
"2014-05-08",2014
"2014-05-09",2014
"2014-05-10",2014
"2014-05-11",2014
"2014-05-12",2014
"2014-05-13",2014
"2014-05-14",2014
"2014-05-15",2014
"2014-05-16",2014
"2014-05-18",2014
"2014-05-19",2014
"2014-05-20",2014
"2014-05-21",2014
"2014-05-22",2014
"2014-05-23",2014
"2014-05-24",2014
"2014-05-25",2014
"2014-05-26",2014
"2014-05-28",2014
"2014-05-29",2014
"2014-05-30",2014
"2014-05-31",2014
"2014-06-01",2014
"2014-06-03",2014
"2014-06-04",2014
"2014-06-05",2014
"2014-06-06",2014
"2014-06-07",2014
"2014-06-08",2014
"2014-06-09",2014
"2014-06-10",2014
"2014-06-11",2014
"2014-06-12",2014
"2014-06-13",2014
"2014-06-14",2014
"2014-06-15",2014
"2014-06-16",2014
"2014-06-17",2014
"2014-06-18",2014
"2014-06-19",2014
"2014-06-20",2014
"2014-06-21",2014
"2014-06-22",2014
"2014-06-23",2014
"2014-06-24",2014
"2014-06-25",2014
"2014-06-26",2014
"2014-06-27",2014
"2014-06-28",2014
"2014-06-29",2014
"2014-06-30",2014
"2014-07-01",2014
"2014-07-02",2014
"2014-07-03",2014
"2014-07-04",2014
"2014-07-06",2014
"2014-07-07",2014
"2014-07-08",2014
"2014-07-09",2014
"2014-07-11",2014
"2014-07-12",2014
"2014-07-13",2014
"2014-07-14",2014
"2014-07-15",2014
"2014-07-16",2014
"2014-07-17",2014
"2014-07-18",2014
"2014-07-20",2014
"2014-07-21",2014
"2014-07-22",2014
"2014-07-23",2014
"2014-07-24",2014
"2014-07-26",2014
"2014-07-27",2014
"2014-07-28",2014
"2014-07-29",2014
"2014-07-30",2014
"2014-07-31",2014
"2014-08-02",2014
"2014-08-03",2014
"2014-08-04",2014
"2014-08-05",2014
"2014-08-06",2014
"2014-08-07",2014
"2014-08-08",2014
"2014-08-09",2014
"2014-08-10",2014
"2014-08-11",2014
"2014-08-12",2014
"2014-08-13",2014
"2014-08-14",2014
"2014-08-15",2014
"2014-08-16",2014
"2014-08-17",2014
"2014-08-18",2014
"2014-08-19",2014
"2014-08-20",2014
"2014-08-21",2014
"2014-08-22",2014
"2014-08-23",2014
"2014-08-24",2014
"2014-08-25",2014
"2014-08-26",2014
"2014-08-27",2014
"2014-08-28",2014
"2014-08-29",2014
"2014-08-30",2014
"2014-08-31",2014
"2014-09-01",2014
"2014-09-02",2014
"2014-09-03",2014
"2014-09-04",2014
"2014-09-05",2014
"2014-09-06",2014
"2014-09-07",2014
"2014-09-08",2014
"2014-09-09",2014
"2014-09-10",2014
"2014-09-11",2014
"2014-09-12",2014
"2014-09-13",2014
"2014-09-14",2014
"2014-09-15",2014
"2014-09-18",2014
"2014-09-19",2014
"2014-09-20",2014
"2014-09-22",2014
"2014-09-23",2014
"2014-09-24",2014
"2014-09-25",2014
"2014-09-26",2014
"2014-09-27",2014
"2014-09-28",2014
"2014-09-29",2014
"2014-09-30",2014
"2014-10-01",2014
"2014-10-02",2014
"2014-10-03",2014
"2014-10-04",2014
"2014-10-05",2014
"2014-10-06",2014
"2014-10-07",2014
"2014-10-09",2014
"2014-10-11",2014
"2014-10-12",2014
"2014-10-13",2014
"2014-10-14",2014
"2014-10-15",2014
"2014-10-16",2014
"2014-10-17",2014
"2014-10-18",2014
"2014-10-19",2014
"2014-10-20",2014
"2014-10-21",2014
"2014-10-22",2014
"2014-10-25",2014
"2014-10-26",2014
"2014-10-27",2014
"2014-10-28",2014
"2014-10-29",2014
"2014-10-30",2014
"2014-10-31",2014
"2014-11-01",2014
"2014-11-02",2014
"2014-11-03",2014
"2014-11-04",2014
"2014-11-05",2014
"2014-11-06",2014
"2014-11-07",2014
"2014-11-08",2014
"2014-11-09",2014
"2014-11-10",2014
"2014-11-11",2014
"2014-11-13",2014
"2014-11-14",2014
"2014-11-15",2014
"2014-11-16",2014
"2014-11-17",2014
"2014-11-19",2014
"2014-11-20",2014
"2014-11-22",2014
"2014-11-23",2014
"2014-11-24",2014
"2014-11-25",2014
"2014-11-26",2014
"2014-11-27",2014
"2014-11-28",2014
"2014-11-29",2014
"2014-11-30",2014
"2014-12-01",2014
"2014-12-02",2014
"2014-12-03",2014
"2014-12-04",2014
"2014-12-05",2014
"2014-12-06",2014
"2014-12-07",2014
"2014-12-08",2014
"2014-12-09",2014
"2014-12-10",2014
"2014-12-11",2014
"2014-12-12",2014
"2014-12-13",2014
"2014-12-14",2014
"2014-12-15",2014
"2014-12-16",2014
"2014-12-17",2014
"2014-12-18",2014
"2014-12-19",2014
"2014-12-20",2014
"2014-12-21",2014
"2014-12-23",2014
"2014-12-24",2014
"2014-12-25",2014
"2014-12-26",2014
"2014-12-27",2014
"2014-12-29",2014
"2014-12-30",2014
"2014-12-31",2014
"2015-01-01",2015
"2015-01-02",2015
"2015-01-03",2015
"2015-01-04",2015
"2015-01-05",2015
"2015-01-06",2015
"2015-01-09",2015
"2015-01-10",2015
"2015-01-11",2015
"2015-01-12",2015
"2015-01-13",2015
"2015-01-14",2015
"2015-01-15",2015
"2015-01-16",2015
"2015-01-17",2015
"2015-01-18",2015
"2015-01-19",2015
"2015-01-20",2015
"2015-01-21",2015
"2015-01-22",2015
"2015-01-23",2015
"2015-01-24",2015
"2015-01-25",2015
"2015-01-26",2015
"2015-01-27",2015
"2015-01-28",2015
"2015-01-29",2015
"2015-01-30",2015
"2015-01-31",2015
"2015-02-01",2015
"2015-02-02",2015
"2015-02-03",2015
"2015-02-04",2015
"2015-02-05",2015
"2015-02-06",2015
"2015-02-07",2015
"2015-02-08",2015
"2015-02-09",2015
"2015-02-10",2015
"2015-02-11",2015
"2015-02-12",2015
"2015-02-13",2015
"2015-02-14",2015
"2015-02-15",2015
"2015-02-16",2015
"2015-02-17",2015
"2015-02-18",2015
"2015-02-19",2015
"2015-02-20",2015
"2015-02-21",2015
"2015-02-22",2015
"2015-02-23",2015
"2015-02-24",2015
"2015-02-25",2015
"2015-02-27",2015
"2015-03-01",2015
"2015-03-02",2015
"2015-03-03",2015
"2015-03-04",2015
"2015-03-06",2015
"2015-03-07",2015
"2015-03-08",2015
"2015-03-09",2015
"2015-03-10",2015
"2015-03-11",2015
"2015-03-12",2015
"2015-03-13",2015
"2015-03-14",2015
"2015-03-16",2015
"2015-03-17",2015
"2015-03-18",2015
"2015-03-19",2015
"2015-03-20",2015
"2015-03-21",2015
"2015-03-22",2015
"2015-03-23",2015
"2015-03-24",2015
"2015-03-25",2015
"2015-03-26",2015
"2015-03-27",2015
"2015-03-28",2015
"2015-03-29",2015
"2015-03-30",2015
"2015-03-31",2015
"2015-04-01",2015
"2015-04-03",2015
"2015-04-04",2015
"2015-04-05",2015
"2015-04-06",2015
"2015-04-07",2015
"2015-04-08",2015
"2015-04-09",2015
"2015-04-10",2015
"2015-04-11",2015
"2015-04-12",2015
"2015-04-13",2015
"2015-04-14",2015
"2015-04-16",2015
"2015-04-17",2015
"2015-04-18",2015
"2015-04-19",2015
"2015-04-20",2015
"2015-04-21",2015
"2015-04-22",2015
"2015-04-23",2015
"2015-04-24",2015
"2015-04-25",2015
"2015-04-26",2015
"2015-04-27",2015
"2015-04-28",2015
"2015-04-29",2015
"2015-04-30",2015
"2015-05-01",2015
"2015-05-02",2015
"2015-05-03",2015
"2015-05-04",2015
"2015-05-05",2015
"2015-05-06",2015
"2015-05-08",2015
"2015-05-10",2015
"2015-05-11",2015
"2015-05-12",2015
"2015-05-14",2015
"2015-05-15",2015
"2015-05-16",2015
"2015-05-18",2015
"2015-05-19",2015
"2015-05-20",2015
"2015-05-21",2015
"2015-05-22",2015
"2015-05-24",2015
"2015-05-25",2015
"2015-05-26",2015
"2015-05-27",2015
"2015-05-29",2015
"2015-05-30",2015
"2015-05-31",2015
"2015-06-01",2015
"2015-06-03",2015
"2015-06-04",2015
"2015-06-05",2015
"2015-06-06",2015
"2015-06-07",2015
"2015-06-09",2015
"2015-06-10",2015
"2015-06-12",2015
"2015-06-13",2015
"2015-06-14",2015
"2015-06-15",2015
"2015-06-16",2015
"2015-06-17",2015
"2015-06-18",2015
"2015-06-19",2015
"2015-06-20",2015
"2015-06-22",2015
"2015-06-23",2015
"2015-06-24",2015
"2015-06-25",2015
"2015-06-26",2015
"2015-06-27",2015
"2015-06-28",2015
"2015-06-29",2015
"2015-06-30",2015
"2015-07-01",2015
"2015-07-02",2015
"2015-07-03",2015
"2015-07-05",2015
"2015-07-06",2015
"2015-07-07",2015
"2015-07-08",2015
"2015-07-09",2015
"2015-07-10",2015
"2015-07-11",2015
"2015-07-12",2015
"2015-07-13",2015
"2015-07-14",2015
"2015-07-15",2015
"2015-07-17",2015
"2015-07-18",2015
"2015-07-19",2015
"2015-07-20",2015
"2015-07-21",2015
"2015-07-22",2015
"2015-07-23",2015
"2015-07-24",2015
"2015-07-25",2015
"2015-07-26",2015
"2015-07-27",2015
"2015-07-28",2015
"2015-07-29",2015
"2015-07-30",2015
"2015-08-02",2015
"2015-08-03",2015
"2015-08-04",2015
"2015-08-05",2015
"2015-08-06",2015
"2015-08-07",2015
"2015-08-08",2015
"2015-08-09",2015
"2015-08-10",2015
"2015-08-11",2015
"2015-08-12",2015
"2015-08-13",2015
"2015-08-14",2015
"2015-08-15",2015
"2015-08-16",2015
"2015-08-18",2015
"2015-08-19",2015
"2015-08-20",2015
"2015-08-21",2015
"2015-08-22",2015
"2015-08-23",2015
"2015-08-25",2015
"2015-08-26",2015
"2015-08-27",2015
"2015-08-28",2015
"2015-08-29",2015
"2015-08-30",2015
"2015-08-31",2015
"2015-09-01",2015
"2015-09-02",2015
"2015-09-03",2015
"2015-09-04",2015
"2015-09-06",2015
"2015-09-07",2015
"2015-09-08",2015
"2015-09-09",2015
"2015-09-10",2015
"2015-09-11",2015
"2015-09-12",2015
"2015-09-13",2015
"2015-09-14",2015
"2015-09-15",2015
"2015-09-17",2015
"2015-09-18",2015
"2015-09-19",2015
"2015-09-20",2015
"2015-09-21",2015
"2015-09-24",2015
"2015-09-25",2015
"2015-09-26",2015
"2015-09-29",2015
"2015-09-30",2015
"2015-10-01",2015
"2015-10-02",2015
"2015-10-04",2015
"2015-10-05",2015
"2015-10-06",2015
"2015-10-07",2015
"2015-10-09",2015
"2015-10-10",2015
"2015-10-11",2015
"2015-10-12",2015
"2015-10-13",2015
"2015-10-15",2015
"2015-10-16",2015
"2015-10-17",2015
"2015-10-18",2015
"2015-10-19",2015
"2015-10-20",2015
"2015-10-21",2015
"2015-10-22",2015
"2015-10-23",2015
"2015-10-24",2015
"2015-10-25",2015
"2015-10-26",2015
"2015-10-27",2015
"2015-10-28",2015
"2015-10-29",2015
"2015-10-31",2015
"2015-11-01",2015
"2015-11-02",2015
"2015-11-03",2015
"2015-11-04",2015
"2015-11-05",2015
"2015-11-06",2015
"2015-11-07",2015
"2015-11-08",2015
"2015-11-09",2015
"2015-11-10",2015
"2015-11-11",2015
"2015-11-12",2015
"2015-11-13",2015
"2015-11-14",2015
"2015-11-15",2015
"2015-11-16",2015
"2015-11-17",2015
"2015-11-18",2015
"2015-11-19",2015
"2015-11-21",2015
"2015-11-22",2015
"2015-11-23",2015
"2015-11-24",2015
"2015-11-25",2015
"2015-11-26",2015
"2015-11-27",2015
"2015-11-28",2015
"2015-11-29",2015
"2015-11-30",2015
"2015-12-01",2015
"2015-12-02",2015
"2015-12-03",2015
"2015-12-04",2015
"2015-12-05",2015
"2015-12-06",2015
"2015-12-08",2015
"2015-12-09",2015
"2015-12-10",2015
"2015-12-11",2015
"2015-12-12",2015
"2015-12-13",2015
"2015-12-14",2015
"2015-12-15",2015
"2015-12-16",2015
"2015-12-17",2015
"2015-12-18",2015
"2015-12-19",2015
"2015-12-20",2015
"2015-12-21",2015
"2015-12-22",2015
"2015-12-23",2015
"2015-12-24",2015
"2015-12-25",2015
"2015-12-26",2015
"2015-12-27",2015
"2015-12-28",2015
"2015-12-29",2015
"2015-12-30",2015
"2015-12-31",2015
"2016-01-01",2016
"2016-01-02",2016
"2016-01-03",2016
"2016-01-04",2016
"2016-01-05",2016
"2016-01-06",2016
"2016-01-07",2016
"2016-01-08",2016
"2016-01-09",2016
"2016-01-10",2016
"2016-01-11",2016
"2016-01-12",2016
"2016-01-14",2016
"2016-01-15",2016
"2016-01-16",2016
"2016-01-17",2016
"2016-01-18",2016
"2016-01-19",2016
"2016-01-20",2016
"2016-01-21",2016
"2016-01-22",2016
"2016-01-23",2016
"2016-01-24",2016
"2016-01-25",2016
"2016-01-26",2016
"2016-01-27",2016
"2016-01-28",2016
"2016-01-29",2016
"2016-01-30",2016
"2016-01-31",2016
"2016-02-01",2016
"2016-02-02",2016
"2016-02-03",2016
"2016-02-04",2016
"2016-02-05",2016
"2016-02-06",2016
"2016-02-07",2016
"2016-02-08",2016
"2016-02-09",2016
"2016-02-10",2016
"2016-02-11",2016
"2016-02-12",2016
"2016-02-13",2016
"2016-02-14",2016
"2016-02-15",2016
"2016-02-16",2016
"2016-02-17",2016
"2016-02-18",2016
"2016-02-19",2016
"2016-02-20",2016
"2016-02-21",2016
"2016-02-22",2016
"2016-02-23",2016
"2016-02-24",2016
"2016-02-25",2016
"2016-02-26",2016
"2016-02-27",2016
"2016-02-28",2016
"2016-02-29",2016
"2016-03-01",2016
"2016-03-02",2016
"2016-03-04",2016
"2016-03-05",2016
"2016-03-08",2016
"2016-03-09",2016
"2016-03-10",2016
"2016-03-11",2016
"2016-03-12",2016
"2016-03-13",2016
"2016-03-14",2016
"2016-03-15",2016
"2016-03-16",2016
"2016-03-17",2016
"2016-03-18",2016
"2016-03-19",2016
"2016-03-20",2016
"2016-03-21",2016
"2016-03-22",2016
"2016-03-23",2016
"2016-03-24",2016
"2016-03-25",2016
"2016-03-26",2016
"2016-03-27",2016
"2016-03-28",2016
"2016-03-29",2016
"2016-03-30",2016
"2016-03-31",2016
"2016-04-01",2016
"2016-04-02",2016
"2016-04-03",2016
"2016-04-04",2016
"2016-04-05",2016
"2016-04-06",2016
"2016-04-07",2016
"2016-04-08",2016
"2016-04-09",2016
"2016-04-10",2016
"2016-04-11",2016
"2016-04-12",2016
"2016-04-13",2016
"2016-04-14",2016
"2016-04-15",2016
"2016-04-16",2016
"2016-04-17",2016
"2016-04-18",2016
"2016-04-19",2016
"2016-04-20",2016
"2016-04-21",2016
"2016-04-22",2016
"2016-04-23",2016
"2016-04-24",2016
"2016-04-25",2016
"2016-04-26",2016
"2016-04-27",2016
"2016-04-28",2016
"2016-04-29",2016
"2016-04-30",2016
"2016-05-02",2016
"2016-05-03",2016
"2016-05-04",2016
"2016-05-05",2016
"2016-05-06",2016
"2016-05-07",2016
"2016-05-08",2016
"2016-05-09",2016
"2016-05-10",2016
"2016-05-11",2016
"2016-05-13",2016
"2016-05-15",2016
"2016-05-16",2016
"2016-05-17",2016
"2016-05-18",2016
"2016-05-19",2016
"2016-05-20",2016
"2016-05-21",2016
"2016-05-22",2016
"2016-05-23",2016
"2016-05-24",2016
"2016-05-25",2016
"2016-05-26",2016
"2016-05-27",2016
"2016-05-31",2016
"2016-06-01",2016
"2016-06-02",2016
"2016-06-03",2016
"2016-06-04",2016
"2016-06-05",2016
"2016-06-06",2016
"2016-06-07",2016
"2016-06-08",2016
"2016-06-09",2016
"2016-06-10",2016
"2016-06-11",2016
"2016-06-12",2016
"2016-06-13",2016
"2016-06-14",2016
"2016-06-15",2016
"2016-06-16",2016
"2016-06-17",2016
"2016-06-18",2016
"2016-06-19",2016
"2016-06-20",2016
"2016-06-21",2016
"2016-06-22",2016
"2016-06-23",2016
"2016-06-24",2016
"2016-06-25",2016
"2016-06-26",2016
"2016-06-27",2016
"2016-06-28",2016
"2016-06-29",2016
"2016-06-30",2016
"2016-07-01",2016
"2016-07-02",2016
"2016-07-03",2016
"2016-07-04",2016
"2016-07-05",2016
"2016-07-06",2016
"2016-07-07",2016
"2016-07-08",2016
"2016-07-09",2016
"2016-07-10",2016
"2016-07-11",2016
"2016-07-12",2016
"2016-07-13",2016
"2016-07-14",2016
"2016-07-15",2016
"2016-07-17",2016
"2016-07-18",2016
"2016-07-19",2016
"2016-07-20",2016
"2016-07-22",2016
"2016-07-23",2016
"2016-07-24",2016
"2016-07-25",2016
"2016-07-27",2016
"2016-07-28",2016
"2016-07-29",2016
"2016-07-30",2016
"2016-07-31",2016
"2016-08-01",2016
"2016-08-02",2016
"2016-08-03",2016
"2016-08-04",2016
"2016-08-07",2016
"2016-08-08",2016
"2016-08-09",2016
"2016-08-10",2016
"2016-08-11",2016
"2016-08-12",2016
"2016-08-13",2016
"2016-08-14",2016
"2016-08-15",2016
"2016-08-16",2016
"2016-08-17",2016
"2016-08-18",2016
"2016-08-19",2016
"2016-08-20",2016
"2016-08-21",2016
"2016-08-22",2016
"2016-08-23",2016
"2016-08-24",2016
"2016-08-25",2016
"2016-08-26",2016
"2016-08-27",2016
"2016-08-28",2016
"2016-08-29",2016
"2016-08-31",2016
"2016-09-01",2016
"2016-09-02",2016
"2016-09-03",2016
"2016-09-04",2016
"2016-09-05",2016
"2016-09-06",2016
"2016-09-07",2016
"2016-09-08",2016
"2016-09-09",2016
"2016-09-10",2016
"2016-09-11",2016
"2016-09-12",2016
"2016-09-13",2016
"2016-09-14",2016
"2016-09-15",2016
"2016-09-16",2016
"2016-09-17",2016
"2016-09-18",2016
"2016-09-19",2016
"2016-09-20",2016
"2016-09-21",2016
"2016-09-22",2016
"2016-09-23",2016
"2016-09-24",2016
"2016-09-25",2016
"2016-09-26",2016
"2016-09-29",2016
"2016-09-30",2016
"2016-10-01",2016
"2016-10-03",2016
"2016-10-04",2016
"2016-10-05",2016
"2016-10-06",2016
"2016-10-07",2016
"2016-10-08",2016
"2016-10-09",2016
"2016-10-10",2016
"2016-10-11",2016
"2016-10-12",2016
"2016-10-13",2016
"2016-10-14",2016
"2016-10-15",2016
"2016-10-16",2016
"2016-10-17",2016
"2016-10-18",2016
"2016-10-19",2016
"2016-10-20",2016
"2016-10-22",2016
"2016-10-23",2016
"2016-10-24",2016
"2016-10-25",2016
"2016-10-26",2016
"2016-10-28",2016
"2016-10-29",2016
"2016-10-30",2016
"2016-10-31",2016
"2016-11-02",2016
"2016-11-05",2016
"2016-11-06",2016
"2016-11-07",2016
"2016-11-08",2016
"2016-11-09",2016
"2016-11-10",2016
"2016-11-11",2016
"2016-11-12",2016
"2016-11-13",2016
"2016-11-14",2016
"2016-11-15",2016
"2016-11-16",2016
"2016-11-17",2016
"2016-11-18",2016
"2016-11-19",2016
"2016-11-20",2016
"2016-11-21",2016
"2016-11-22",2016
"2016-11-24",2016
"2016-11-26",2016
"2016-11-27",2016
"2016-11-28",2016
"2016-11-30",2016
"2016-12-01",2016
"2016-12-02",2016
"2016-12-03",2016
"2016-12-04",2016
"2016-12-05",2016
"2016-12-06",2016
"2016-12-07",2016
"2016-12-08",2016
"2016-12-09",2016
"2016-12-10",2016
"2016-12-11",2016
"2016-12-12",2016
"2016-12-13",2016
"2016-12-15",2016
"2016-12-16",2016
"2016-12-17",2016
"2016-12-18",2016
"2016-12-19",2016
"2016-12-20",2016
"2016-12-21",2016
"2016-12-22",2016
"2016-12-23",2016
"2016-12-24",2016
"2016-12-25",2016
"2016-12-27",2016
"2016-12-28",2016
"2016-12-29",2016
"2016-12-30",2016
"2016-12-31",2016
"2017-01-01",2017
"2017-01-02",2017
"2017-01-03",2017
"2017-01-04",2017
"2017-01-05",2017
"2017-01-06",2017
"2017-01-07",2017
"2017-01-08",2017
"2017-01-09",2017
"2017-01-10",2017
"2017-01-11",2017
"2017-01-13",2017
"2017-01-14",2017
"2017-01-15",2017
"2017-01-16",2017
"2017-01-17",2017
"2017-01-18",2017
"2017-01-20",2017
"2017-01-21",2017
"2017-01-22",2017
"2017-01-23",2017
"2017-01-24",2017
"2017-01-25",2017
"2017-01-26",2017
"2017-01-27",2017
"2017-01-28",2017
"2017-01-29",2017
"2017-01-30",2017
"2017-01-31",2017
"2017-02-01",2017
"2017-02-02",2017
"2017-02-03",2017
"2017-02-04",2017
"2017-02-05",2017
"2017-02-06",2017
"2017-02-07",2017
"2017-02-08",2017
"2017-02-09",2017
"2017-02-10",2017
"2017-02-11",2017
"2017-02-13",2017
"2017-02-14",2017
"2017-02-15",2017
"2017-02-16",2017
"2017-02-17",2017
"2017-02-18",2017
"2017-02-19",2017
"2017-02-21",2017
"2017-02-22",2017
"2017-02-23",2017
"2017-02-24",2017
"2017-02-25",2017
"2017-02-26",2017
"2017-02-27",2017
"2017-02-28",2017
"2017-03-01",2017
"2017-03-02",2017
"2017-03-03",2017
"2017-03-04",2017
"2017-03-05",2017
"2017-03-06",2017
"2017-03-07",2017
"2017-03-08",2017
"2017-03-10",2017
"2017-03-12",2017
"2017-03-14",2017
"2017-03-15",2017
"2017-03-16",2017
"2017-03-17",2017
"2017-03-18",2017
"2017-03-19",2017
"2017-03-20",2017
"2017-03-21",2017
"2017-03-22",2017
"2017-03-23",2017
"2017-03-24",2017
"2017-03-25",2017
"2017-03-26",2017
"2017-03-27",2017
"2017-03-28",2017
"2017-03-29",2017
"2017-03-30",2017
"2017-03-31",2017
"2017-04-01",2017
"2017-04-02",2017
"2017-04-03",2017
"2017-04-04",2017
"2017-04-05",2017
"2017-04-06",2017
"2017-04-07",2017
"2017-04-08",2017
"2017-04-09",2017
"2017-04-10",2017
"2017-04-11",2017
"2017-04-12",2017
"2017-04-13",2017
"2017-04-14",2017
"2017-04-15",2017
"2017-04-17",2017
"2017-04-18",2017
"2017-04-20",2017
"2017-04-21",2017
"2017-04-22",2017
"2017-04-23",2017
"2017-04-24",2017
"2017-04-26",2017
"2017-04-28",2017
"2017-04-29",2017
"2017-04-30",2017
"2017-05-01",2017
"2017-05-02",2017
"2017-05-03",2017
"2017-05-04",2017
"2017-05-05",2017
"2017-05-06",2017
"2017-05-07",2017
"2017-05-08",2017
"2017-05-09",2017
"2017-05-10",2017
"2017-05-11",2017
"2017-05-12",2017
"2017-05-13",2017
"2017-05-14",2017
"2017-05-15",2017
"2017-05-16",2017
"2017-05-17",2017
"2017-05-18",2017
"2017-05-19",2017
"2017-05-20",2017
"2017-05-21",2017
"2017-05-22",2017
"2017-05-23",2017
"2017-05-25",2017
"2017-05-26",2017
"2017-05-27",2017
"2017-05-28",2017
"2017-05-29",2017
"2017-05-30",2017
"2017-05-31",2017
"2017-06-01",2017
"2017-06-02",2017
"2017-06-04",2017
"2017-06-05",2017
"2017-06-06",2017
"2017-06-07",2017
"2017-06-08",2017
"2017-06-09",2017
"2017-06-10",2017
"2017-06-11",2017
"2017-06-12",2017
"2017-06-13",2017
"2017-06-14",2017
"2017-06-15",2017
"2017-06-16",2017
"2017-06-17",2017
"2017-06-18",2017
"2017-06-19",2017
"2017-06-20",2017
"2017-06-21",2017
"2017-06-23",2017
"2017-06-24",2017
"2017-06-25",2017
"2017-06-26",2017
"2017-06-27",2017
"2017-06-28",2017
"2017-06-29",2017
"2017-06-30",2017
"2017-07-01",2017
"2017-07-03",2017
"2017-07-04",2017
"2017-07-05",2017
"2017-07-06",2017
"2017-07-07",2017
"2017-07-08",2017
"2017-07-09",2017
"2017-07-10",2017
"2017-07-11",2017
"2017-07-12",2017
"2017-07-13",2017
"2017-07-14",2017
"2017-07-15",2017
"2017-07-16",2017
"2017-07-17",2017
"2017-07-18",2017
"2017-07-19",2017
"2017-07-20",2017
"2017-07-21",2017
"2017-07-22",2017
"2017-07-23",2017
"2017-07-24",2017
"2017-07-25",2017
"2017-07-26",2017
"2017-07-27",2017
"2017-07-28",2017
"2017-07-29",2017
"2017-07-30",2017
"2017-08-02",2017
"2017-08-03",2017
"2017-08-04",2017
"2017-08-05",2017
"2017-08-06",2017
"2017-08-07",2017
"2017-08-08",2017
"2017-08-09",2017
"2017-08-10",2017
"2017-08-12",2017
"2017-08-13",2017
"2017-08-14",2017
"2017-08-15",2017
"2017-08-16",2017
"2017-08-17",2017
"2017-08-19",2017
"2017-08-20",2017
"2017-08-21",2017
"2017-08-22",2017
"2017-08-23",2017
"2017-08-24",2017
"2017-08-25",2017
"2017-08-26",2017
"2017-08-27",2017
"2017-08-29",2017
"2017-08-30",2017
"2017-08-31",2017
"2017-09-01",2017
"2017-09-02",2017
"2017-09-03",2017
"2017-09-04",2017
"2017-09-06",2017
"2017-09-07",2017
"2017-09-08",2017
"2017-09-09",2017
"2017-09-10",2017
"2017-09-11",2017
"2017-09-12",2017
"2017-09-13",2017
"2017-09-14",2017
"2017-09-15",2017
"2017-09-16",2017
"2017-09-17",2017
"2017-09-18",2017
"2017-09-19",2017
"2017-09-20",2017
"2017-09-21",2017
"2017-09-22",2017
"2017-09-23",2017
"2017-09-24",2017
"2017-09-25",2017
"2017-09-26",2017
"2017-09-28",2017
"2017-09-29",2017
"2017-09-30",2017
"2017-10-01",2017
"2017-10-02",2017
"2017-10-05",2017
"2017-10-06",2017
"2017-10-07",2017
"2017-10-08",2017
"2017-10-09",2017
"2017-10-10",2017
"2017-10-12",2017
"2017-10-13",2017
"2017-10-14",2017
"2017-10-15",2017
"2017-10-16",2017
"2017-10-17",2017
"2017-10-18",2017
"2017-10-19",2017
"2017-10-20",2017
"2017-10-21",2017
"2017-10-22",2017
"2017-10-23",2017
"2017-10-24",2017
"2017-10-26",2017
"2017-10-27",2017
"2017-10-28",2017
"2017-10-29",2017
"2017-10-30",2017
"2017-10-31",2017
"2017-11-01",2017
"2017-11-02",2017
"2017-11-03",2017
"2017-11-04",2017
"2017-11-05",2017
"2017-11-06",2017
"2017-11-08",2017
"2017-11-09",2017
"2017-11-10",2017
"2017-11-11",2017
"2017-11-12",2017
"2017-11-13",2017
"2017-11-14",2017
"2017-11-15",2017
"2017-11-16",2017
"2017-11-17",2017
"2017-11-18",2017
"2017-11-19",2017
"2017-11-20",2017
"2017-11-21",2017
"2017-11-22",2017
"2017-11-23",2017
"2017-11-24",2017
"2017-11-25",2017
"2017-11-26",2017
"2017-11-27",2017
"2017-11-28",2017
"2017-11-29",2017
"2017-11-30",2017
"2017-12-02",2017
"2017-12-03",2017
"2017-12-04",2017
"2017-12-05",2017
"2017-12-06",2017
"2017-12-07",2017
"2017-12-08",2017
"2017-12-09",2017
"2017-12-10",2017
"2017-12-11",2017
"2017-12-12",2017
"2017-12-13",2017
"2017-12-15",2017
"2017-12-16",2017
"2017-12-17",2017
"2017-12-19",2017
"2017-12-21",2017
"2017-12-22",2017
"2017-12-23",2017
"2017-12-24",2017
"2017-12-25",2017
"2017-12-26",2017
"2017-12-27",2017
"2017-12-28",2017
"2017-12-29",2017
"2017-12-30",2017
"2017-12-31",2017
"2018-01-01",2018
"2018-01-02",2018
"2018-01-03",2018
"2018-01-04",2018
"2018-01-05",2018
"2018-01-06",2018
"2018-01-07",2018
"2018-01-09",2018
"2018-01-10",2018
"2018-01-11",2018
"2018-01-12",2018
"2018-01-13",2018
"2018-01-14",2018
"2018-01-15",2018
"2018-01-16",2018
"2018-01-17",2018
"2018-01-18",2018
"2018-01-19",2018
"2018-01-20",2018
"2018-01-21",2018
"2018-01-22",2018
"2018-01-23",2018
"2018-01-25",2018
"2018-01-26",2018
"2018-01-27",2018
"2018-01-28",2018
"2018-01-29",2018
"2018-01-30",2018
"2018-01-31",2018
"2018-02-01",2018
"2018-02-02",2018
"2018-02-03",2018
"2018-02-04",2018
"2018-02-05",2018
"2018-02-06",2018
"2018-02-07",2018
"2018-02-08",2018
"2018-02-09",2018
"2018-02-10",2018
"2018-02-11",2018
"2018-02-12",2018
"2018-02-13",2018
"2018-02-14",2018
"2018-02-15",2018
"2018-02-16",2018
"2018-02-17",2018
"2018-02-19",2018
"2018-02-20",2018
"2018-02-21",2018
"2018-02-22",2018
"2018-02-23",2018
"2018-02-24",2018
"2018-02-25",2018
"2018-02-26",2018
"2018-02-27",2018
"2018-02-28",2018
"2018-03-01",2018
"2018-03-02",2018
"2018-03-03",2018
"2018-03-04",2018
"2018-03-05",2018
"2018-03-06",2018
"2018-03-07",2018
"2018-03-08",2018
"2018-03-09",2018
"2018-03-10",2018
"2018-03-11",2018
"2018-03-12",2018
"2018-03-13",2018
"2018-03-14",2018
"2018-03-16",2018
"2018-03-18",2018
"2018-03-19",2018
"2018-03-20",2018
"2018-03-21",2018
"2018-03-23",2018
"2018-03-24",2018
"2018-03-25",2018
"2018-03-26",2018
"2018-03-27",2018
"2018-03-28",2018
"2018-03-29",2018
"2018-03-30",2018
"2018-03-31",2018
"2018-04-02",2018
"2018-04-03",2018
"2018-04-04",2018
"2018-04-05",2018
"2018-04-06",2018
"2018-04-08",2018
"2018-04-09",2018
"2018-04-10",2018
"2018-04-11",2018
"2018-04-12",2018
"2018-04-13",2018
"2018-04-14",2018
"2018-04-15",2018
"2018-04-16",2018
"2018-04-17",2018
"2018-04-18",2018
"2018-04-20",2018
"2018-04-21",2018
"2018-04-22",2018
"2018-04-23",2018
"2018-04-24",2018
"2018-04-26",2018
"2018-04-27",2018
"2018-04-28",2018
"2018-04-29",2018
"2018-04-30",2018
"2018-05-01",2018
"2018-05-02",2018
"2018-05-04",2018
"2018-05-05",2018
"2018-05-06",2018
"2018-05-07",2018
"2018-05-08",2018
"2018-05-09",2018
"2018-05-10",2018
"2018-05-11",2018
"2018-05-12",2018
"2018-05-13",2018
"2018-05-14",2018
"2018-05-15",2018
"2018-05-16",2018
"2018-05-17",2018
"2018-05-18",2018
"2018-05-19",2018
"2018-05-20",2018
"2018-05-21",2018
"2018-05-22",2018
"2018-05-23",2018
"2018-05-24",2018
"2018-05-25",2018
"2018-05-27",2018
"2018-05-28",2018
"2018-05-29",2018
"2018-05-30",2018
"2018-05-31",2018
"2018-06-01",2018
"2018-06-02",2018
"2018-06-04",2018
"2018-06-05",2018
"2018-06-06",2018
"2018-06-07",2018
"2018-06-08",2018
"2018-06-09",2018
"2018-06-10",2018
"2018-06-11",2018
"2018-06-12",2018
"2018-06-13",2018
"2018-06-15",2018
"2018-06-16",2018
"2018-06-17",2018
"2018-06-18",2018
"2018-06-19",2018
"2018-06-20",2018
"2018-06-21",2018
"2018-06-22",2018
"2018-06-23",2018
"2018-06-24",2018
"2018-06-26",2018
"2018-06-27",2018
"2018-06-29",2018
"2018-06-30",2018
"2018-07-01",2018
"2018-07-02",2018
"2018-07-03",2018
"2018-07-04",2018
"2018-07-05",2018
"2018-07-06",2018
"2018-07-07",2018
"2018-07-09",2018
"2018-07-10",2018
"2018-07-11",2018
"2018-07-12",2018
"2018-07-13",2018
"2018-07-14",2018
"2018-07-15",2018
"2018-07-16",2018
"2018-07-17",2018
"2018-07-18",2018
"2018-07-19",2018
"2018-07-20",2018
"2018-07-22",2018
"2018-07-23",2018
"2018-07-24",2018
"2018-07-25",2018
"2018-07-26",2018
"2018-07-27",2018
"2018-07-28",2018
"2018-07-29",2018
"2018-07-30",2018
"2018-07-31",2018
"2018-08-01",2018
"2018-08-02",2018
"2018-08-03",2018
"2018-08-04",2018
"2018-08-05",2018
"2018-08-08",2018
"2018-08-09",2018
"2018-08-10",2018
"2018-08-11",2018
"2018-08-12",2018
"2018-08-13",2018
"2018-08-14",2018
"2018-08-15",2018
"2018-08-16",2018
"2018-08-18",2018
"2018-08-19",2018
"2018-08-20",2018
"2018-08-21",2018
"2018-08-22",2018
"2018-08-23",2018
"2018-08-25",2018
"2018-08-26",2018
"2018-08-27",2018
"2018-08-28",2018
"2018-08-29",2018
"2018-08-30",2018
"2018-09-01",2018
"2018-09-02",2018
"2018-09-03",2018
"2018-09-04",2018
"2018-09-05",2018
"2018-09-06",2018
"2018-09-07",2018
"2018-09-09",2018
"2018-09-11",2018
"2018-09-12",2018
"2018-09-13",2018
"2018-09-14",2018
"2018-09-15",2018
"2018-09-16",2018
"2018-09-17",2018
"2018-09-18",2018
"2018-09-19",2018
"2018-09-20",2018
"2018-09-21",2018
"2018-09-22",2018
"2018-09-23",2018
"2018-09-24",2018
"2018-09-25",2018
"2018-09-26",2018
"2018-09-27",2018
"2018-09-29",2018
"2018-09-30",2018
"2018-10-01",2018
"2018-10-02",2018
"2018-10-03",2018
"2018-10-04",2018
"2018-10-05",2018
"2018-10-06",2018
"2018-10-07",2018
"2018-10-08",2018
"2018-10-09",2018
"2018-10-11",2018
"2018-10-12",2018
"2018-10-13",2018
"2018-10-14",2018
"2018-10-15",2018
"2018-10-16",2018
"2018-10-17",2018
"2018-10-18",2018
"2018-10-19",2018
"2018-10-20",2018
"2018-10-21",2018
"2018-10-22",2018
"2018-10-23",2018
"2018-10-24",2018
"2018-10-25",2018
"2018-10-26",2018
"2018-10-27",2018
"2018-10-28",2018
"2018-10-29",2018
"2018-10-30",2018
"2018-10-31",2018
"2018-11-01",2018
"2018-11-03",2018
"2018-11-04",2018
"2018-11-05",2018
"2018-11-06",2018
"2018-11-07",2018
"2018-11-08",2018
"2018-11-09",2018
"2018-11-10",2018
"2018-11-11",2018
"2018-11-12",2018
"2018-11-13",2018
"2018-11-14",2018
"2018-11-16",2018
"2018-11-17",2018
"2018-11-18",2018
"2018-11-19",2018
"2018-11-20",2018
"2018-11-21",2018
"2018-11-22",2018
"2018-11-23",2018
"2018-11-24",2018
"2018-11-25",2018
"2018-11-26",2018
"2018-11-27",2018
"2018-11-28",2018
"2018-11-29",2018
"2018-11-30",2018
"2018-12-01",2018
"2018-12-02",2018
"2018-12-03",2018
"2018-12-04",2018
"2018-12-05",2018
"2018-12-06",2018
"2018-12-08",2018
"2018-12-09",2018
"2018-12-10",2018
"2018-12-11",2018
"2018-12-12",2018
"2018-12-13",2018
"2018-12-14",2018
"2018-12-15",2018
"2018-12-16",2018
"2018-12-17",2018
"2018-12-18",2018
"2018-12-19",2018
"2018-12-20",2018
"2018-12-21",2018
"2018-12-22",2018
"2018-12-23",2018
"2018-12-25",2018
"2018-12-26",2018
"2018-12-27",2018
"2018-12-28",2018
"2018-12-29",2018
"2018-12-30",2018
"2018-12-31",2018
"2019-01-01",2019
"2019-01-02",2019
"2019-01-03",2019
"2019-01-04",2019
"2019-01-05",2019
"2019-01-06",2019
"2019-01-08",2019
"2019-01-09",2019
"2019-01-10",2019
"2019-01-11",2019
"2019-01-12",2019
"2019-01-13",2019
"2019-01-14",2019
"2019-01-15",2019
"2019-01-16",2019
"2019-01-17",2019
"2019-01-18",2019
"2019-01-19",2019
"2019-01-21",2019
"2019-01-22",2019
"2019-01-23",2019
"2019-01-24",2019
"2019-01-25",2019
"2019-01-26",2019
"2019-01-27",2019
"2019-01-28",2019
"2019-01-29",2019
"2019-01-30",2019
"2019-02-01",2019
"2019-02-02",2019
"2019-02-03",2019
"2019-02-04",2019
"2019-02-05",2019
"2019-02-06",2019
"2019-02-07",2019
"2019-02-08",2019
"2019-02-09",2019
"2019-02-10",2019
"2019-02-11",2019
"2019-02-12",2019
"2019-02-14",2019
"2019-02-15",2019
"2019-02-16",2019
"2019-02-17",2019
"2019-02-18",2019
"2019-02-19",2019
"2019-02-20",2019
"2019-02-21",2019
"2019-02-22",2019
"2019-02-23",2019
"2019-02-24",2019
"2019-02-25",2019
"2019-02-26",2019
"2019-02-27",2019
"2019-02-28",2019
"2019-03-01",2019
"2019-03-02",2019
"2019-03-03",2019
"2019-03-04",2019
"2019-03-05",2019
"2019-03-06",2019
"2019-03-07",2019
"2019-03-08",2019
"2019-03-09",2019
"2019-03-10",2019
"2019-03-11",2019
"2019-03-12",2019
"2019-03-13",2019
"2019-03-14",2019
"2019-03-16",2019
"2019-03-17",2019
"2019-03-18",2019
"2019-03-19",2019
"2019-03-20",2019
"2019-03-22",2019
"2019-03-24",2019
"2019-03-25",2019
"2019-03-26",2019
"2019-03-27",2019
"2019-03-28",2019
"2019-03-29",2019
"2019-03-30",2019
"2019-03-31",2019
"2019-04-01",2019
"2019-04-02",2019
"2019-04-03",2019
"2019-04-04",2019
"2019-04-05",2019
"2019-04-06",2019
"2019-04-07",2019
"2019-04-08",2019
"2019-04-09",2019
"2019-04-10",2019
"2019-04-11",2019
"2019-04-12",2019
"2019-04-13",2019
"2019-04-14",2019
"2019-04-15",2019
"2019-04-16",2019
"2019-04-17",2019
"2019-04-18",2019
"2019-04-19",2019
"2019-04-20",2019
"2019-04-21",2019
"2019-04-22",2019
"2019-04-23",2019
"2019-04-24",2019
"2019-04-26",2019
"2019-04-27",2019
"2019-04-29",2019
"2019-04-30",2019
"2019-05-01",2019
"2019-05-02",2019
"2019-05-03",2019
"2019-05-04",2019
"2019-05-05",2019
"2019-05-06",2019
"2019-05-07",2019
"2019-05-08",2019
"2019-05-09",2019
"2019-05-10",2019
"2019-05-11",2019
"2019-05-12",2019
"2019-05-13",2019
"2019-05-14",2019
"2019-05-15",2019
"2019-05-16",2019
"2019-05-17",2019
"2019-05-18",2019
"2019-05-19",2019
"2019-05-20",2019
"2019-05-21",2019
"2019-05-22",2019
"2019-05-23",2019
"2019-05-24",2019
"2019-05-25",2019
"2019-05-26",2019
"2019-05-27",2019
"2019-05-28",2019
"2019-05-29",2019
"2019-05-31",2019
"2019-06-01",2019
"2019-06-02",2019
"2019-06-03",2019
"2019-06-04",2019
"2019-06-05",2019
"2019-06-06",2019
"2019-06-07",2019
"2019-06-08",2019
"2019-06-10",2019
"2019-06-11",2019
"2019-06-12",2019
"2019-06-13",2019
"2019-06-14",2019
"2019-06-15",2019
"2019-06-16",2019
"2019-06-17",2019
"2019-06-18",2019
"2019-06-19",2019
"2019-06-21",2019
"2019-06-22",2019
"2019-06-23",2019
"2019-06-24",2019
"2019-06-25",2019
"2019-06-26",2019
"2019-06-27",2019
"2019-06-28",2019
"2019-06-29",2019
"2019-06-30",2019
"2019-07-02",2019
"2019-07-03",2019
"2019-07-04",2019
"2019-07-05",2019
"2019-07-06",2019
"2019-07-07",2019
"2019-07-08",2019
"2019-07-09",2019
"2019-07-10",2019
"2019-07-11",2019
"2019-07-12",2019
"2019-07-13",2019
"2019-07-14",2019
"2019-07-15",2019
"2019-07-16",2019
"2019-07-17",2019
"2019-07-18",2019
"2019-07-19",2019
"2019-07-20",2019
"2019-07-21",2019
"2019-07-22",2019
"2019-07-23",2019
"2019-07-24",2019
"2019-07-25",2019
"2019-07-26",2019
"2019-07-27",2019
"2019-07-28",2019
"2019-07-29",2019
"2019-07-30",2019
"2019-07-31",2019
"2019-08-01",2019
"2019-08-02",2019
"2019-08-04",2019
"2019-08-05",2019
"2019-08-06",2019
"2019-08-07",2019
"2019-08-08",2019
"2019-08-09",2019
"2019-08-10",2019
"2019-08-11",2019
"2019-08-14",2019
"2019-08-15",2019
"2019-08-16",2019
"2019-08-17",2019
"2019-08-18",2019
"2019-08-19",2019
"2019-08-20",2019
"2019-08-21",2019
"2019-08-22",2019
"2019-08-25",2019
"2019-08-26",2019
"2019-08-27",2019
"2019-08-28",2019
"2019-08-29",2019
"2019-08-30",2019
"2019-08-31",2019
"2019-09-01",2019
"2019-09-02",2019
"2019-09-03",2019
"2019-09-04",2019
"2019-09-05",2019
"2019-09-06",2019
"2019-09-07",2019
"2019-09-08",2019
"2019-09-10",2019
"2019-09-11",2019
"2019-09-12",2019
"2019-09-13",2019
"2019-09-15",2019
"2019-09-18",2019
"2019-09-19",2019
"2019-09-20",2019
"2019-09-21",2019
"2019-09-22",2019
"2019-09-23",2019
"2019-09-24",2019
"2019-09-25",2019
"2019-09-26",2019
"2019-09-27",2019
"2019-09-28",2019
"2019-09-29",2019
"2019-10-01",2019
"2019-10-02",2019
"2019-10-03",2019
"2019-10-04",2019
"2019-10-05",2019
"2019-10-06",2019
"2019-10-07",2019
"2019-10-08",2019
"2019-10-10",2019
"2019-10-11",2019
"2019-10-13",2019
"2019-10-14",2019
"2019-10-17",2019
"2019-10-18",2019
"2019-10-19",2019
"2019-10-20",2019
"2019-10-21",2019
"2019-10-22",2019
"2019-10-23",2019
"2019-10-24",2019
"2019-10-25",2019
"2019-10-26",2019
"2019-10-27",2019
"2019-10-28",2019
"2019-10-29",2019
"2019-10-30",2019
"2019-10-31",2019
"2019-11-01",2019
"2019-11-02",2019
"2019-11-03",2019
"2019-11-04",2019
"2019-11-05",2019
"2019-11-06",2019
"2019-11-07",2019
"2019-11-08",2019
"2019-11-09",2019
"2019-11-10",2019
"2019-11-11",2019
"2019-11-12",2019
"2019-11-13",2019
"2019-11-15",2019
"2019-11-16",2019
"2019-11-17",2019
"2019-11-18",2019
"2019-11-20",2019
"2019-11-23",2019
"2019-11-24",2019
"2019-11-25",2019
"2019-11-26",2019
"2019-11-27",2019
"2019-11-28",2019
"2019-11-29",2019
"2019-11-30",2019
"2019-12-01",2019
"2019-12-02",2019
"2019-12-03",2019
"2019-12-04",2019
"2019-12-05",2019
"2019-12-06",2019
"2019-12-07",2019
"2019-12-08",2019
"2019-12-09",2019
"2019-12-10",2019
"2019-12-11",2019
"2019-12-12",2019
"2019-12-14",2019
"2019-12-15",2019
"2019-12-16",2019
"2019-12-18",2019
"2019-12-20",2019
"2019-12-21",2019
"2019-12-22",2019
"2019-12-23",2019
"2019-12-24",2019
"2019-12-25",2019
"2019-12-27",2019
"2019-12-28",2019
"2019-12-29",2019
"2019-12-30",2019
"2019-12-31",2019
"2020-01-02",2020
"2020-01-03",2020
"2020-01-04",2020
"2020-01-05",2020
"2020-01-06",2020
"2020-01-07",2020
"2020-01-08",2020
"2020-01-09",2020
"2020-01-10",2020
"2020-01-11",2020
"2020-01-12",2020
"2020-01-13",2020
"2020-01-14",2020
"2020-01-15",2020
"2020-01-16",2020
"2020-01-17",2020
"2020-01-18",2020
"2020-01-19",2020
"2020-01-20",2020
"2020-01-21",2020
"2020-01-22",2020
"2020-01-23",2020
"2020-01-24",2020
"2020-01-25",2020
"2020-01-27",2020
"2020-01-28",2020
"2020-01-29",2020
"2020-01-31",2020
"2020-02-01",2020
"2020-02-02",2020
"2020-02-03",2020
"2020-02-04",2020
"2020-02-05",2020
"2020-02-06",2020
"2020-02-07",2020
"2020-02-08",2020
"2020-02-09",2020
"2020-02-10",2020
"2020-02-11",2020
"2020-02-12",2020
"2020-02-13",2020
"2020-02-14",2020
"2020-02-15",2020
"2020-02-16",2020
"2020-02-17",2020
"2020-02-18",2020
"2020-02-20",2020
"2020-02-21",2020
"2020-02-22",2020
"2020-02-23",2020
"2020-02-24",2020
"2020-02-25",2020
"2020-02-26",2020
"2020-02-27",2020
"2020-02-28",2020
"2020-02-29",2020
"2020-03-01",2020
"2020-03-02",2020
"2020-03-03",2020
"2020-03-04",2020
"2020-03-05",2020
"2020-03-06",2020
"2020-03-07",2020
"2020-03-08",2020
"2020-03-10",2020
"2020-03-11",2020
"2020-03-12",2020
"2020-03-13",2020
"2020-03-14",2020
"2020-03-15",2020
"2020-03-16",2020
"2020-03-17",2020
"2020-03-18",2020
"2020-03-19",2020
"2020-03-20",2020
"2020-03-21",2020
"2020-03-22",2020
"2020-03-23",2020
"2020-03-24",2020
"2020-03-25",2020
"2020-03-27",2020
"2020-03-28",2020
"2020-03-29",2020
"2020-03-30",2020
"2020-03-31",2020
"2020-04-01",2020
"2020-04-02",2020
"2020-04-03",2020
"2020-04-04",2020
"2020-04-05",2020
"2020-04-06",2020
"2020-04-07",2020
"2020-04-08",2020
"2020-04-09",2020
"2020-04-10",2020
"2020-04-11",2020
"2020-04-12",2020
"2020-04-14",2020
"2020-04-15",2020
"2020-04-16",2020
"2020-04-17",2020
"2020-04-18",2020
"2020-04-19",2020
"2020-04-20",2020
"2020-04-21",2020
"2020-04-22",2020
"2020-04-23",2020
"2020-04-24",2020
"2020-04-25",2020
"2020-04-26",2020
"2020-04-27",2020
"2020-04-28",2020
"2020-04-29",2020
"2020-04-30",2020
"2020-05-01",2020
"2020-05-02",2020
"2020-05-04",2020
"2020-05-05",2020
"2020-05-06",2020
"2020-05-07",2020
"2020-05-08",2020
"2020-05-09",2020
"2020-05-10",2020
"2020-05-11",2020
"2020-05-13",2020
"2020-05-15",2020
"2020-05-16",2020
"2020-05-17",2020
"2020-05-18",2020
"2020-05-19",2020
"2020-05-20",2020
"2020-05-21",2020
"2020-05-22",2020
"2020-05-23",2020
"2020-05-24",2020
"2020-05-25",2020
"2020-05-26",2020
"2020-05-28",2020
"2020-05-29",2020
"2020-05-30",2020
"2020-05-31",2020
"2020-06-01",2020
"2020-06-02",2020
"2020-06-03",2020
"2020-06-04",2020
"2020-06-05",2020
"2020-06-07",2020
"2020-06-08",2020
"2020-06-09",2020
"2020-06-10",2020
"2020-06-11",2020
"2020-06-12",2020
"2020-06-13",2020
"2020-06-15",2020
"2020-06-16",2020
"2020-06-17",2020
"2020-06-18",2020
"2020-06-19",2020
"2020-06-20",2020
"2020-06-21",2020
"2020-06-22",2020
"2020-06-23",2020
"2020-06-24",2020
"2020-06-25",2020
"2020-06-26",2020
"2020-06-27",2020
"2020-06-28",2020
"2020-06-29",2020
"2020-06-30",2020
"2020-07-01",2020
"2020-07-02",2020
"2020-07-03",2020
"2020-07-04",2020
"2020-07-05",2020
"2020-07-07",2020
"2020-07-08",2020
"2020-07-10",2020
"2020-07-11",2020
"2020-07-12",2020
"2020-07-13",2020
"2020-07-14",2020
"2020-07-15",2020
"2020-07-16",2020
"2020-07-17",2020
"2020-07-18",2020
"2020-07-19",2020
"2020-07-20",2020
"2020-07-21",2020
"2020-07-22",2020
"2020-07-23",2020
"2020-07-24",2020
"2020-07-25",2020
"2020-07-26",2020
"2020-07-27",2020
"2020-07-28",2020
"2020-07-29",2020
"2020-07-30",2020
"2020-07-31",2020
"2020-08-01",2020
"2020-08-02",2020
"2020-08-03",2020
"2020-08-04",2020
"2020-08-05",2020
"2020-08-06",2020
"2020-08-07",2020
"2020-08-08",2020
"2020-08-09",2020
"2020-08-10",2020
"2020-08-11",2020
"2020-08-12",2020
"2020-08-14",2020
"2020-08-15",2020
"2020-08-16",2020
"2020-08-17",2020
"2020-08-19",2020
"2020-08-20",2020
"2020-08-21",2020
"2020-08-22",2020
"2020-08-23",2020
"2020-08-24",2020
"2020-08-25",2020
"2020-08-26",2020
"2020-08-27",2020
"2020-08-28",2020
"2020-08-30",2020
"2020-08-31",2020
"2020-09-01",2020
"2020-09-02",2020
"2020-09-03",2020
"2020-09-04",2020
"2020-09-05",2020
"2020-09-06",2020
"2020-09-07",2020
"2020-09-08",2020
"2020-09-09",2020
"2020-09-10",2020
"2020-09-11",2020
"2020-09-12",2020
"2020-09-13",2020
"2020-09-15",2020
"2020-09-16",2020
"2020-09-17",2020
"2020-09-18",2020
"2020-09-19",2020
"2020-09-20",2020
"2020-09-21",2020
"2020-09-23",2020
"2020-09-24",2020
"2020-09-25",2020
"2020-09-27",2020
"2020-09-28",2020
"2020-09-29",2020
"2020-09-30",2020
"2020-10-01",2020
"2020-10-02",2020
"2020-10-03",2020
"2020-10-04",2020
"2020-10-05",2020
"2020-10-06",2020
"2020-10-07",2020
"2020-10-08",2020
"2020-10-09",2020
"2020-10-10",2020
"2020-10-11",2020
"2020-10-12",2020
"2020-10-13",2020
"2020-10-14",2020
"2020-10-15",2020
"2020-10-16",2020
"2020-10-17",2020
"2020-10-18",2020
"2020-10-19",2020
"2020-10-20",2020
"2020-10-21",2020
"2020-10-22",2020
"2020-10-23",2020
"2020-10-24",2020
"2020-10-25",2020
"2020-10-26",2020
"2020-10-27",2020
"2020-10-28",2020
"2020-10-29",2020
"2020-10-30",2020
"2020-10-31",2020
"2020-11-01",2020
"2020-11-02",2020
"2020-11-03",2020
"2020-11-04",2020
"2020-11-05",2020
"2020-11-06",2020
"2020-11-07",2020
"2020-11-08",2020
"2020-11-09",2020
"2020-11-10",2020
"2020-11-11",2020
"2020-11-12",2020
"2020-11-14",2020
"2020-11-15",2020
"2020-11-16",2020
"2020-11-17",2020
"2020-11-18",2020
"2020-11-20",2020
"2020-11-21",2020
"2020-11-22",2020
"2020-11-23",2020
"2020-11-24",2020
"2020-11-25",2020
"2020-11-27",2020
"2020-11-28",2020
"2020-11-29",2020
"2020-11-30",2020
"2020-12-01",2020
"2020-12-02",2020
"2020-12-03",2020
"2020-12-04",2020
"2020-12-05",2020
"2020-12-06",2020
"2020-12-07",2020
"2020-12-08",2020
"2020-12-09",2020
"2020-12-10",2020
"2020-12-11",2020
"2020-12-12",2020
"2020-12-13",2020
"2020-12-14",2020
"2020-12-15",2020
"2020-12-17",2020
"2020-12-19",2020
"2020-12-20",2020
"2020-12-21",2020
"2020-12-23",2020
"2020-12-24",2020
"2020-12-25",2020
"2020-12-26",2020
"2020-12-27",2020
"2020-12-28",2020
"2020-12-29",2020
"2020-12-30",2020
"2020-12-31",2020
"2021-01-01",2021
"2021-01-02",2021
"2021-01-03",2021
"2021-01-04",2021
"2021-01-05",2021
"2021-01-06",2021
"2021-01-07",2021
"2021-01-08",2021
"2021-01-09",2021
"2021-01-10",2021
"2021-01-11",2021
"2021-01-12",2021
"2021-01-13",2021
"2021-01-14",2021
"2021-01-15",2021
"2021-01-16",2021
"2021-01-17",2021
"2021-01-18",2021
"2021-01-19",2021
"2021-01-20",2021
"2021-01-21",2021
"2021-01-22",2021
"2021-01-23",2021
"2021-01-24",2021
"2021-01-25",2021
"2021-01-26",2021
"2021-01-27",2021
"2021-01-28",2021
"2021-01-29",2021
"2021-01-30",2021
"2021-01-31",2021
"2021-02-01",2021
"2021-02-02",2021
"2021-02-03",2021
"2021-02-04",2021
"2021-02-05",2021
"2021-02-06",2021
"2021-02-07",2021
"2021-02-08",2021
"2021-02-09",2021
"2021-02-10",2021
"2021-02-11",2021
"2021-02-12",2021
"2021-02-13",2021
"2021-02-14",2021
"2021-02-15",2021
"2021-02-16",2021
"2021-02-17",2021
"2021-02-18",2021
"2021-02-19",2021
"2021-02-20",2021
"2021-02-21",2021
"2021-02-22",2021
"2021-02-23",2021
"2021-02-24",2021
"2021-02-25",2021
"2021-02-26",2021
"2021-02-27",2021
"2021-02-28",2021
"2021-03-01",2021
"2021-03-02",2021
"2021-03-03",2021
"2021-03-04",2021
"2021-03-05",2021
"2021-03-06",2021
"2021-03-07",2021
"2021-03-08",2021
"2021-03-09",2021
"2021-03-10",2021
"2021-03-11",2021
"2021-03-12",2021
"2021-03-13",2021
"2021-03-14",2021
"2021-03-15",2021
"2021-03-16",2021
"2021-03-17",2021
"2021-03-18",2021
"2021-03-19",2021
"2021-03-20",2021
"2021-03-21",2021
"2021-03-22",2021
"2021-03-23",2021
"2021-03-24",2021
"2021-03-25",2021
"2021-03-26",2021
"2021-03-27",2021
"2021-03-28",2021
"2021-03-29",2021
"2021-03-30",2021
"2021-03-31",2021
"2021-04-01",2021
"2021-04-02",2021
"2021-04-03",2021
"2021-04-04",2021
"2021-04-05",2021
"2021-04-06",2021
"2021-04-07",2021
"2021-04-08",2021
"2021-04-09",2021
"2021-04-10",2021
"2021-04-11",2021
"2021-04-12",2021
"2021-04-13",2021
"2021-04-14",2021
"2021-04-15",2021
"2021-04-16",2021
"2021-04-17",2021
"2021-04-18",2021
"2021-04-19",2021
"2021-04-20",2021
"2021-04-21",2021
"2021-04-22",2021
"2021-04-23",2021
"2021-04-24",2021
"2021-04-25",2021
"2021-04-26",2021
"2021-04-27",2021
"2021-04-28",2021
"2021-04-29",2021
"2021-04-30",2021
"2021-05-01",2021
"2021-05-02",2021
"2021-05-03",2021
"2021-05-04",2021
"2021-05-05",2021
"2021-05-06",2021
"2021-05-07",2021
"2021-05-08",2021
"2021-05-09",2021
"2021-05-10",2021
"2021-05-11",2021
"2021-05-12",2021
"2021-05-13",2021
"2021-05-14",2021
"2021-05-15",2021
"2021-05-16",2021
"2021-05-17",2021
"2021-05-18",2021
"2021-05-19",2021
"2021-05-20",2021
"2021-05-21",2021
"2021-05-22",2021
"2021-05-23",2021
"2021-05-24",2021
"2021-05-25",2021
"2021-05-26",2021
"2021-05-27",2021
"2021-05-28",2021
"2021-05-29",2021
"2021-05-30",2021
"2021-05-31",2021
"2021-06-01",2021
"2021-06-02",2021
"2021-06-03",2021
"2021-06-04",2021
"2021-06-05",2021
"2021-06-06",2021
"2021-06-07",2021
"2021-06-08",2021
"2021-06-09",2021
"2021-06-10",2021
"2021-06-11",2021
"2021-06-12",2021
"2021-06-13",2021
"2021-06-14",2021
"2021-06-15",2021
"2021-06-16",2021
"2021-06-17",2021
"2021-06-18",2021
"2021-06-19",2021
"2021-06-20",2021
"2021-06-21",2021
"2021-06-22",2021
"2021-06-23",2021
"2021-06-24",2021
"2021-06-25",2021
"2021-06-26",2021
"2021-06-27",2021
"2021-06-28",2021
"2021-06-29",2021
"2021-06-30",2021
"2021-07-01",2021
"2021-07-02",2021
"2021-07-03",2021
"2021-07-04",2021
"2021-07-05",2021
"2021-07-06",2021
"2021-07-07",2021
"2021-07-08",2021
"2021-07-09",2021
"2021-07-10",2021
"2021-07-11",2021
"2021-07-12",2021
"2021-07-13",2021
"2021-07-14",2021
"2021-07-15",2021
"2021-07-16",2021
"2021-07-17",2021
"2021-07-18",2021
"2021-07-19",2021
"2021-07-20",2021
"2021-07-21",2021
"2021-07-22",2021
"2021-07-23",2021
"2021-07-24",2021
"2021-07-25",2021
"2021-07-26",2021
"2021-07-27",2021
"2021-07-28",2021
"2021-07-29",2021
"2021-07-30",2021
"2021-07-31",2021
"2021-08-01",2021
"2021-08-02",2021
"2021-08-03",2021
"2021-08-04",2021
"2021-08-05",2021
"2021-08-06",2021
"2021-08-07",2021
"2021-08-08",2021
"2021-08-09",2021
"2021-08-10",2021
"2021-08-11",2021
"2021-08-12",2021
"2021-08-13",2021
"2021-08-14",2021
"2021-08-15",2021
"2021-08-16",2021
"2021-08-17",2021
"2021-08-18",2021
"2021-08-19",2021
"2021-08-20",2021
"2021-08-21",2021
"2021-08-22",2021
"2021-08-23",2021
"2021-08-24",2021
"2021-08-25",2021
"2021-08-26",2021
"2021-08-27",2021
"2021-08-28",2021
"2021-08-29",2021
"2021-08-30",2021
"2021-08-31",2021
"2021-09-01",2021
"2021-09-02",2021
"2021-09-03",2021
"2021-09-04",2021
"2021-09-05",2021
"2021-09-06",2021
"2021-09-07",2021
"2021-09-08",2021
"2021-09-09",2021
"2021-09-10",2021
"2021-09-11",2021
"2021-09-12",2021
"2021-09-13",2021
"2021-09-14",2021
"2021-09-15",2021
"2021-09-16",2021
"2021-09-17",2021
"2021-09-18",2021
"2021-09-19",2021
"2021-09-20",2021
"2021-09-21",2021
"2021-09-22",2021
"2021-09-23",2021
"2021-09-24",2021
"2021-09-25",2021
"2021-09-26",2021
"2021-09-27",2021
"2021-09-28",2021
"2021-09-29",2021
"2021-09-30",2021
"2021-10-01",2021
"2021-10-02",2021
"2021-10-03",2021
"2021-10-04",2021
"2021-10-05",2021
"2021-10-06",2021
"2021-10-07",2021
"2021-10-08",2021
"2021-10-09",2021
"2021-10-10",2021
"2021-10-11",2021
"2021-10-12",2021
"2021-10-13",2021
"2021-10-14",2021
"2021-10-15",2021
"2021-10-16",2021
"2021-10-17",2021
"2021-10-18",2021
"2021-10-19",2021
"2021-10-20",2021
"2021-10-21",2021
"2021-10-22",2021
"2021-10-24",2021
"2021-10-25",2021
"2021-10-27",2021
"2021-10-28",2021
"2021-10-29",2021
"2021-10-30",2021
"2021-10-31",2021
"2021-11-01",2021
"2021-11-02",2021
"2021-11-03",2021
"2021-11-04",2021
"2021-11-05",2021
"2021-11-06",2021
"2021-11-07",2021
"2021-11-08",2021
"2021-11-09",2021
"2021-11-10",2021
"2021-11-11",2021
"2021-11-12",2021
"2021-11-13",2021
"2021-11-14",2021
"2021-11-15",2021
"2021-11-16",2021
"2021-11-18",2021
